CodiceEnte;RagioneSociale;RappresentanteLegale;TipologiaEnte;PartitaIva;CodiceFiscale;IndirizzoEnte;ComuneEnte;ProvinciaEnte;EmailUtente;TelefonoSedeLegale;FaxSedeLegale;NumeroRea;CodiceIstat;IndirizzoSede;CapSede;ProvinciaSede;ComuneSede;EmailSedeOperativa;TelefonoSedeOperativa;FaxSedeOperativa
30;SCF SERVIZI CONSULENZA FORMAZIONE S.N.C.;TOMMASONE ROSSANA ORSOLA;ENTE PRIVATO;02215050614;02215050614;VIA CESARE BATTISTI P.CO FUTURA;PIEDIMONTE MATESE;CE;SCF@LEGALMAIL.IT;0823785678;0823785678;146880;85592;VIA CESARE BATTISTI - P.CO FUTURA 51;81016;CE;PIEDIMONTE MATESE;INFO@SCFSERVIZI.COM;0823785678;0823785678
30;SCF SERVIZI CONSULENZA FORMAZIONE S.N.C.;TOMMASONE ROSSANA ORSOLA;ENTE PRIVATO;02215050614;02215050614;VIA CESARE BATTISTI P.CO FUTURA;PIEDIMONTE MATESE;CE;SCF@LEGALMAIL.IT;0823785678;0823785678;146880;85592;VIA NUOVA SAN MARCO N. 1;81016;CE;PIEDIMONTE MATESE;FORMAZIONE@SCFSERVIZI.COM;0823785678;0823913488
37;A.C.I.I.E.F. ASSOCIAZIONE CULTURALE ITALIANA INFORMAZIONE E FORMAZIONE;CUOMO DOLORES;ENTE PRIVATO;03351181213;94065760632;VIA SAN GIACOMO;NAPOLI;NA;ACIIEF@PEC.ACIIEF.IT;0815306892;0815308715;590374;;VIA PADRE RAIMONDO SORRENTINO, 29 (EX VIA C. ROCCA);80048;NA;SANT ANASTASIA;ACIIEF@ACIIEF.IT;0815306892;0815316144
37;A.C.I.I.E.F. ASSOCIAZIONE CULTURALE ITALIANA INFORMAZIONE E FORMAZIONE;CUOMO DOLORES;ENTE PRIVATO;03351181213;94065760632;VIA SAN GIACOMO;NAPOLI;NA;ACIIEF@PEC.ACIIEF.IT;0815306892;0815308715;590374;;VIA SAN GIACOMO, 15;80133;NA;NAPOLI;ACIIEF@ACIIEF.IT;0815306892;0815316144
60;ASIPS;DE SIMONE TOMMASO;ENTE PRIVATO;01716970619;01716970619;VIA ROMA;CASERTA;CE;ASIPS@CE.CAMCOM.IT;0823249631-629;0823327562;291567;;PIAZZA SANT'ANNA;81100;CE;CASERTA;ASIPS@CE.CAMCOM.IT;0823249252;0823327562
117;CESVITEC;PETTRONE GIROLAMO;ENTE PRIVATO;01576140634;80048260634;CORSO MERIDIONALE;NAPOLI;NA;CESVITEC@LEGALMAIL.IT;0815532101;0815532136;863745;;CENTRO DIREZIONALE ISOLA E2 I PIANO;80143;NA;NAPOLI;INFO@CESVITEC.IT;0815532101;0815532136
245;CONGREGAZIONE SUORE SALESIANE DEI SACRI CUORI;DE GIORGI ANNA;ENTE PRIVATO;01093321006;02641100587;VIA TOR DE' SCHIAVI;ROMA;RM;SMALDONE2SALERNO@VIRGILIO.IT;062594079;062157532;905341;058091;VIA TOR DE' SCHIAVI, 404;00171;RM;ROMA;SMALDONE2SALERNO@VIRGILIO.IT;062594079;062157532
245;CONGREGAZIONE SUORE SALESIANE DEI SACRI CUORI;DE GIORGI ANNA;ENTE PRIVATO;01093321006;02641100587;VIA TOR DE' SCHIAVI;ROMA;RM;SMALDONE2SALERNO@VIRGILIO.IT;062594079;062157532;905341;058091;VIA VITO LEMBO, 1;84131;SA;SALERNO;SMALDONE2SALERNO@VIRGILIO.IT;089339128;0897728041
265;ENTE DI FORMAZIONE PROFESSIONALE ASSOFRAM S.R.L.;PAGANO RAFFAELE;ENTE PRIVATO;08073791215;93017550638;VIA PRINCIPE DI PIEMONTE;CASORIA;NA;INFO@ASSOFRAM.IT;0817576637;0817576637;;;VIA PRINCIPE DI PIEMONTE, N. 131;80026;NA;CASORIA;INFO@ASSOFRAM.IT;0817576637;0817576637
265;ENTE DI FORMAZIONE PROFESSIONALE ASSOFRAM S.R.L.;PAGANO RAFFAELE;ENTE PRIVATO;08073791215;93017550638;VIA PRINCIPE DI PIEMONTE;CASORIA;NA;INFO@ASSOFRAM.IT;0817576637;0817576637;;;VIA VICINALE SANTA MARIA DEL PIANTO TORRE 1;80143;NA;NAPOLI;INFO@ASSOFRAM.IT;08119578176;08119578176
340;INTESA SANPAOLO FORMAZIONE S.C.P.A;RUSCIANO MARIO;ENTE PRIVATO;07490560633;00902000769;VIA PAOLO EMILIO IMBRIANI;NAPOLI;NA;SEGRETERIA@PEC.INTESASANPAOLOFORMAZIONE.IT;0817914325;0817914332;627284;7484B;VIA PAOLO EMILIO IMBRIANI 14;80133;NA;NAPOLI;SEGRETERIA@PEC.INTESASANPAOLOFORMAZIONE.IT;0817914325;0817914332
342;ENTE SCUOLA EDILE SALERNO;AVALLONE ANTONIO;ENTE PRIVATO;02959560653;02959560653;VIA CERZONE - LOC. BRIGNANO;SALERNO;SA;ESES@PEC.IT;0894826321-322;0894826329;;;VIA CERZONE- LOCALITA' BRIGNANO;84135;SA;SALERNO;ESES@ESES.IT;0894826321-322;0894826329
342;ENTE SCUOLA EDILE SALERNO;AVALLONE ANTONIO;ENTE PRIVATO;02959560653;02959560653;VIA CERZONE - LOC. BRIGNANO;SALERNO;SA;ESES@PEC.IT;0894826321-322;0894826329;;;VIA CERZONE-LOCALITA' BRIGNANO;84135;SA;SALERNO;ESES@ESES.IT;0894826321-322;0894826329
343;ASSOCIAZIONE "FONDAZIONE CUCINIELLO";LIBERTI GIUSEPPINA;ENTE PRIVATO;06147451212;95033980632;CORSO ITALIA;ERCOLANO;NA;GIUSEPPINALIBERTI@LIBERO.IT;0817776414;0817776414;775492;;CORSO ITALIA N. 125/133;80056;NA;ERCOLANO;GIUSEPPINALIBERTI@LIBERO.IT;0817776414;0817776304
361;C.E.I.M. SAS DI VECCHIONE ALFREDO & C.;VECCHIONE ALFREDO;ENTE PRIVATO;02491880650;02491880650;VIA VINCENZO ALFANO;MERCATO SAN SEVERINO;SA;CEIMSAS@TWTCERT.IT;089825130;0898201199;224759;;VIA VINCENZO ALFANO N. 35;84085;SA;MERCATO SAN SEVERINO;CEIMSAS@TIN.IT;089825130;089825130
366;GENERAZIONE VINCENTE ACADEMY S.R.L.;LI GRECI ELIOS;ENTE PRIVATO;04925701213;04925701213;CENTRO DIREZIONALE DI NAPOLI;NAPOLI;NA;GEVIACADEMY@LEGALMAIL.IT;0815824911;0815824920;722509;80303;CENTRO DIREZIONALE DI NAPOLI ISOLA E1;80143;NA;NAPOLI;POLITICHEATTIVE@GENERAZIONEVINCENTE.IT;0815824911;0815824920
425;ASSOCIAZIONE FORMAT STYLE;MANCINI ARCANGELO;ENTE PRIVATO;;94039800654;VIA SAN VALENTINO;SARNO;SA;FORMATSTYLE2013@LIBERO.IT;081944790;081944790;;;VIA SAN VALENTINO,35;84087;SA;SARNO;FORMATSTYLE2013@LIBERO.IT;081944790;081944790
428;ISTITUTO PONTANO DELLE ARTI E DEI MESTIERI S.C.R.L.;VALLETTI FABRIZIO;ENTE PRIVATO;07758500636;07758500636;V.LE D. RESISTENZA, POLO ARTIGIANALE;NAPOLI;NA;ISPAM@LIBERO.IT;0815431726;0815431726;656407;;VIALE DELLA RESISTENZA 27;80144;NA;NAPOLI;ISPAM@LIBERO.IT;0815431726;0815431726
457;ASCEN;PALLADINO CARMINE;ENTE PRIVATO;04151260611;04151260611;PIAZZA ALDO MORO;CASERTA;CE;ASCEN@PECDITTA.COM;0823322095;0823322095;302762;80422;PIAZZA ALDO MORO 23/24;81100;CE;CASERTA;ASCEN@PECDITTA.COM;0823322095;0823322095
458;CENTRO FORMAZIONE PROFESSIONALE CSP;SILVESTRI GABRIELE;ENTE PRIVATO;04092950650;04092950650;VIA MARCO NONIO BALBO;NOCERA INFERIORE;SA;INFO@CENTROCSP.IT;0810022467;0810022467;350552;91338;VIA LARGO ROSA FALCONI  1;84050;SA;ISPANI;INFO@CENTROCSP.IT;0819211317;0819211317
458;CENTRO FORMAZIONE PROFESSIONALE CSP;SILVESTRI GABRIELE;ENTE PRIVATO;04092950650;04092950650;VIA MARCO NONIO BALBO;NOCERA INFERIORE;SA;INFO@CENTROCSP.IT;0810022467;0810022467;350552;91338;VIA MARCO N. BALBO, 48/50 E 42;84014;SA;NOCERA INFERIORE;INFO@CENTROCSP.IT;0819211317;0819211317
498;MAGISTRA FORMAZIONE;ANDREOZZI CARMELA;ENTE PRIVATO;;90010290618;VIA G POZIO CENTRO DIREZIONALE ISOLA B/3;NAPOLI;NA;DIRECTA@LEGALMAIL.IT;0817341467;08119573543;;;VA GIOVANNI PORZIO CENTRO DIREZIONALE ISOLA B/3;80143;NA;NAPOLI;DIRECTA@LEGALMAIL.IT;0817341467;08119573543
498;MAGISTRA FORMAZIONE;ANDREOZZI CARMELA;ENTE PRIVATO;;90010290618;VIA G POZIO CENTRO DIREZIONALE ISOLA B/3;NAPOLI;NA;DIRECTA@LEGALMAIL.IT;0817341467;08119573543;;;VIALE MELVIN JONES 6;81100;CE;CASERTA;DIREZIONE@MAGISTRAFORMAZIONE.IT;08231849441;08231849441
509;CENTRO FORMAZIONE E SICUREZZA NAPOLI;MARONE PAOLA;ENTE PRIVATO;06971640633;80050780636;VIA LEONARDO BIANCHI;NAPOLI;NA;S.NOCERA@CFSNAPOLI.IT;0817705749;0815452780;;;VIA BIANCHI;80131;NA;NAPOLI;S.NOCERA@CFSNAPOLI.IT;0817705749;0815452780
585;ISTITUTO MAGISTRALE STATALE ALFANO I;BARONE ELISABETTA;ISTITUTI SCOLASTICI PUBBLICI;;80021850658;VIA DEI MILLE;SALERNO;SA;SAPM020007@ISTRUZIONE.IT;089333147;089337114;;;VIA DEI MILLE;84100;SA;SALERNO;SAPM020007@ISTRUZIONE.IT;089333147;089337114
585;ISTITUTO MAGISTRALE STATALE ALFANO I;BARONE ELISABETTA;ISTITUTI SCOLASTICI PUBBLICI;;80021850658;VIA DEI MILLE;SALERNO;SA;SAPM020007@ISTRUZIONE.IT;089333147;089337114;;;VIA DEI MILLE, 41;84135;SA;SALERNO;SAPM020007@ISTRUZIONE.IT;089333147;089337114
682;SI IMPRESA - AZIENDA SPECIALE DELLA CCIAA DI NAPOLI;PETTRONE GIROLAMO;;07137430638;95005650635;VIA S. ASPRENO;NAPOLI;NA;SI_IMPRESA@LEGALMAIL.IT;0817607451;081;942610;;CENTRO DIREZIONALE NAPOLI IS E2 SCALA A;80143;NA;NAPOLI;M.SANITA@SI-IMPRESA.NA.CAMCOM.IT;0815624525;0815624524
682;SI IMPRESA - AZIENDA SPECIALE DELLA CCIAA DI NAPOLI;PETTRONE GIROLAMO;;07137430638;95005650635;VIA S. ASPRENO;NAPOLI;NA;SI_IMPRESA@LEGALMAIL.IT;0817607451;081;942610;;CORSO MERIDIONALE 58 NAPOLI;80143;NA;NAPOLI;FORMAZIONE@SI-IMPRESA.NA.CAMCOM.IT;0817607203;0817607203
689;AIM FORMAZIONE S.C. A R.L.;LETTIERI TERESA;ENTE PRIVATO;07786390638;07786390638;VIA G. PICA;NAPOLI;NA;AIMFORMAZIONE@LEGALMAIL.IT;081287199;081287199;946970;;VIA EUROPA, 34;80047;NA;SAN GIUSEPPE VESUVIANO;INFO@AIMFORMAZIONE.COM;0815280346;0815280346
689;AIM FORMAZIONE S.C. A R.L.;LETTIERI TERESA;ENTE PRIVATO;07786390638;07786390638;VIA G. PICA;NAPOLI;NA;AIMFORMAZIONE@LEGALMAIL.IT;081287199;081287199;946970;;VIA G. PICA, 62;80142;NA;NAPOLI;INFO@AIMFORMAZIONE.COM;081287199;081287199
690;CONSORZIO RO.MA;VITALE ROSA;ENTE PRIVATO;07574701004;07574701004;VIA FRANCESCO SAVERIO CORRERA;NAPOLI;NA;CONSORZIOROMA@LEGALMAIL.IT;0815401081;0812353945;;;VIA DON MINZONI N. 17;80026;NA;CASORIA;CONSORZIOROMA.NA@GMAIL.COM;0815401081;0812353945
693;ISIS GIUSTINO FORTUNATO;COLOMBAI FIORELLA;ISTITUTI SCOLASTICI PUBBLICI;80033840630;80033840630;VICO ACITILLO;NAPOLI;NA;NAIS12300P@PEC.ISTRUZIONE.IT;0815600720;0815798246;;;VICO ACITILLO 57;80128;NA;NAPOLI;NARC070009@ISTRUZIONE.IT;0815600720;0815798246
716;ISTITUTO "NEW AGE" SNC DI G. MARTINELLI & C.;MARTINELLI GERARDINA;ENTE PRIVATO;02456400619;02456400619;VIA TRIESTE VICO II;SAN CIPRIANO D'AVERSA;CE;ISTITUTONEWAGE@LEGALMAIL.IT;0818161253;0818161253;173165;80303;VIA TRIESTE VICO II, 6;81036;CE;SAN CIPRIANO D'AVERSA;ISTITUTONEWAGE@LIBERO.IT;0818161253;0818161253
740;AIAS DI AFRAGOLA;PERROTTA RAFFAELE;ENTE PRIVATO;;93003490633;CONTRADA LEUTREK;AFRAGOLA;NA;AMMINISTRAZIONE.AIASDIAFRAGOLA@PEC.IT;0818691759;0818512803;;;CONTRADA LEUTREK SNC;80021;NA;AFRAGOLA;INFO@AIASDIAFRAGOLA.IT;0818691759;0818512803
740;AIAS DI AFRAGOLA;PERROTTA RAFFAELE;ENTE PRIVATO;;93003490633;CONTRADA LEUTREK;AFRAGOLA;NA;AMMINISTRAZIONE.AIASDIAFRAGOLA@PEC.IT;0818691759;0818512803;;;P.CO VENTOTENE VIA VENTOTENE;80026;NA;CASORIA;INFO@AIASDIAFRAGOLA.IT;0818691759;0818512803
783;ASSOCIAZIONE DEI - MAR;TRAPANI PATRIZIA;ENTE PRIVATO;04055881215;04055881215;VICO DELLE GINESTRE P.CO SAGITTARI0;CASALNUOVO DI NAPOLI;NA;INFO.DEIMAR@PEC.IT;0815223486;0815223486;;;VICO DELLE GINESTRE P.CO SAGITTARIO N. 3 - 4 - 6;80013;NA;CASALNUOVO DI NAPOLI;DEI_MAR@ALICE.IT;0815223486;0815223486
788;COOPERATIVA SOCIALE FLEMING S.R.L.;CARROTTA ROSALIA;ENTE PRIVATO;02592011213;02592011213;VIA P. MASCAGNI;ACERRA;NA;COOP-FLEMING@LIBERO.IT;0817582057;0817582057;499286;;VIA PIETRO COLLETTA N°42;80026;NA;CASORIA;COOP-FLEMING@LIBERO.IT;0817582057;0817582057
828;ISTITUTO CAMPANO PER LA FORMAZIONE PROFESSIONALE;CASTALDO LUISA;ENTE PRIVATO;01277740625;01277740625;VIA ACHILLE GRASSI, 23;MONTESARCHIO;BN;ISTITUTOCAMPANO@PEC.IT;0824847190;0824847190;107784;80220;VIA ACHILLE GRASSI, 23;82016;BN;MONTESARCHIO;ISTITUTOCAMPANO@PEC.IT;0824847190;0824847190
831;FONDAZIONE "VILLAGGIO DEI RAGAZZI - DON SALVATORE D'ANGELO";ALINERI GIUSEPPE;ENTE PRIVATO;;80005090610;PIAZZA MATTEOTTI;MADDALONI;CE;ITASEGRETERIA@PEC.VILLAGGIODEIRAGAZZI.IT;0823434154;0823432834;;;PIAZZA MATTEOTTI, 8;81024;CE;MADDALONI;ITISEGRETERIA@VILLAGGIODEIRAGAZZI.IT;0823434154;0823432834
856;C.I.L.I.S. SOCIETA COOPERATIVA A.R.L.;MARANO MARIAROSARIA;ENTE PRIVATO;03573371212;03573371212;VIA BRANCACCIO;BOSCOREALE;NA;ROSARIAMARANO@LIBERO.IT;0815630382;0815630382;613514;93050;CORSO LUCCI, 102;80142;NA;NAPOLI;CILIS@PEC.IT;3385963480;0815630382
864;ARCI NAPOLI;ANNICIELLO MARIANO;ENTE PRIVATO;07839331217;06320240630;VIA ABATE MINICHINI;NAPOLI;NA;INFO@ARCINAPOLI.IT;08118708417;08118708417;;;VIA ABATE MINICHINI N. 37;80137;NA;NAPOLI;INFO@ARCINAPOLI.IT;08119339008;08119339008
893;ASSOCIAZIONE FORMLAND;ODIERNO FRANCESCO;ENTE PRIVATO;;95067150631;G. DI VITTORIO;QUALIANO;NA;FORMLAND@ARUBAPEC.IT;0818184792;0818184792;;;VIA ANTICA CONSOLARE CAMPANA 133/135;80019;NA;QUALIANO;FORMLAND@LIBERO.IT;0818184792;0818184792
893;ASSOCIAZIONE FORMLAND;ODIERNO FRANCESCO;ENTE PRIVATO;;95067150631;G. DI VITTORIO;QUALIANO;NA;FORMLAND@ARUBAPEC.IT;0818184792;0818184792;;;VIA PIANO 23;80070;NA;BARANO D ISCHIA;FORMLAND@ARUBAPEC.IT;0818184792;0818184792
897;CORRADO GROUP S.R.L. - SCUOLA INTERPROVINCIALE PER PARRUCHIERI ED ESTETISTI;CORRADO ORAZIO;ENTE PRIVATO;04182650657;04182650657;VIA ABATE CONFORTI;PONTECAGNANO FAIANO;SA;INFO@CORRADOGROUPSRL.IT;089385000;089385000;348520;;VIA ABATE CONFORTI, SNC;84098;SA;PONTECAGNANO FAIANO;INFO@CORRADOGROUPSRL.IT;089385000;089385000
904;SCUOLA DI ALTA FORMAZIONE "SALVATORE PELUSO" DI GAETANA LANGELLA & C. SAS;LANGELLA GAETANA;ENTE PRIVATO;04279310652;04279310652;VIA DE GASPERI;PAGANI;SA;SCUOLAPELUSOSRL@PEC.IT;0815156111;0815156111;355136;;VIA FERRANTE 2;84016;SA;PAGANI;SCUOLAPELUSOSRL@PEC.IT;0815156111;0815156111
927;T. & C. COMPANY S.R.L.;ROMANO MICHELE;;07046750639;07046750639;VIA CAPPELLA;MONTE DI PROCIDA;NA;INFO@TRAICONET.COM;0818045272;0818045737;562649;702209;VIA CAPPELLA N. 457;80070;NA;MONTE DI PROCIDA;INFO@TRAICONET.COM;0818045272;0818045737
932;JOB SCHOOL SRL;GIORDANO ALBERTO;ENTE PRIVATO;04509381218;04509381218;VIALE DELLE AZALEE;CERCOLA;NA;JOBSCHOOL@LEGALMAIL.IT;0815552405;0817334417;698719;;VIA GANDHI 5;80040;NA;CERCOLA;JOBSCHOOL@LEGALMAIL.IT;0815552405;0817334417
943;CENTRO SCOLASTICO "NAPOLI EST";NAPOLITANO VITTORIO;ENTE PRIVATO;06873350638;06873350638;VIA GIANTURCO;NAPOLI;NA;INFO@PEC.CENTROSCOLASTICONAPOLIEST.IT;0817340711;0817340760;;;VIA GIANTURCO 54/B;80146;NA;NAPOLI;INFO@CENTROSCOLASTICONAPOLIEST.COM;0817340711;0812140446
943;CENTRO SCOLASTICO "NAPOLI EST";NAPOLITANO VITTORIO;ENTE PRIVATO;06873350638;06873350638;VIA GIANTURCO;NAPOLI;NA;INFO@PEC.CENTROSCOLASTICONAPOLIEST.IT;0817340711;0817340760;;;VIA GIANTURCO N°54/B;80146;NA;NAPOLI;INFO@CENTROSCOLASTICONAPOLIEST.COM;0817340711;0812140446
944;CO.RI. CONSORZIO DI COOPERATIVE SOCIALI - SOCIETA' COOPERATIVA SOCIALE ONLUS;FEO COSTANZO;ENTE PRIVATO;04569251210;04569251210;VIA BONIFACIO LUPI;FIRENZE;FI;CORI.FORMAZIONE@PEC.IT;0818908403;0818908403;701936;;VIA MADONNA DELL'OLIO 201;81031;CE;AVERSA;FORMAZIONE@CONSORZIOCORI.IT;0818908403;0818908403
945;GLOCAL S.R.L.;DEL DUCA SILVANO;ENTE PRIVATO;04044560656;04044560656;VIA FOGAZZARO;BATTIPAGLIA;SA;GLOCALSRL@LEGALMAIL.IT;08119230016;08119230017;338604;855920;CENTRO DIREZIONALE ALLA VIA G. PORZIO,4 - ISOLA B3;80143;NA;NAPOLI;SEGRETERIAGLOCAL@GLOCALSRL.COM;08119230016;08119230017
947;ISTITUTO IDA DI ESPOSITO IDA E C. S.A.S.;ESPOSITO IDA;ENTE PRIVATO;01307461218;03880140631;CORSO UMBERTO I;MARIGLIANO;NA;ISTITUIDA@LIBERO.IT;0818853512;0815192752;344502;8022;CORSO UMBERTO I N° 420;80034;NA;MARIGLIANO;ISTITUIDA@LIBERO.IT;0818853512;0818853512
968;CFI CONSULENZA FORMAZIONE IMPRESA S.R.L.;SIRICA ALFREDO;ENTE PRIVATO;04502941216;04502941216;VIA VECCHIA POGGIOREALE;NAPOLI;NA;CFISRL@PEC.UNIMPRESA.IT;0817879821;0816051651;697503;K71;VIA R. POLILLO LOCALITÀ GROMOLA;84047;SA;CAPACCIO;CFISRL@VIRGILIO.IT;0828861151;0828861914
968;CFI CONSULENZA FORMAZIONE IMPRESA S.R.L.;SIRICA ALFREDO;ENTE PRIVATO;04502941216;04502941216;VIA VECCHIA POGGIOREALE;NAPOLI;NA;CFISRL@PEC.UNIMPRESA.IT;0817879821;0816051651;697503;K71;VIA VECCHIA POGGIOREALE,6;80142;NA;NAPOLI;CFISRL@VIRGILIO.IT;0817879821;0816051651
984;ASSOCIAZIONE ?ARCHE? ?-SCUOLA DI FORMAZIONE PROFESSIONALE;DE SIMONE DOMENICO;ENTE PRIVATO;;95004810610;VIA ROMA;VAIRANO PATENORA;CE;ARCHE2003@PEC.IT;0823642251;0823642251;224039;82422;VIA ROMA N. 53;81059;CE;VAIRANO PATENORA;ARCHE2003@LIBERO.IT;0823642251;0823642251
1031;S.C.A.R.L. PROGED;CIRILLO LAURA;ENTE PRIVATO;06468150633;06468150633;VIA FRANCESCO CANGEMI;BOSCOREALE;NA;PROGEDITALIA@LIBERO.IT;0818582524;0818588580;494838;;VIA DANTE ALIGHIERI 107;80144;NA;NAPOLI;INFO@PROGED.IT;0815371934;08185885880
1072;ESTETICA BEAUTY L'IMPERO;D'AMELIA ROBERTO;ENTE PRIVATO;02136690654;DMLRRT67B21F912T;VIA FRANCESCO LANZARA;NOCERA INFERIORE;SA;DAMELIAROBERTO@PEC.IT;081926982;081926982;;;VIA F. LANZARA, 33;84014;SA;NOCERA INFERIORE;ROBERTO.DAMELIA@LIBERO.IT;081926982;081926982
1127;CENTRO A.N.A.M. (ACCADEMIA NAZIONALE ACCONCIATORI MISTI) DI NAPOLI;COSCIA ANTONIO;ENTE PRIVATO;;80067030637;VIA CARLO PISACANE;NAPOLI;NA;COSCIANAM@GMAIL.COM;081299627;081299627;;80303;VIA  CARLO PISACANE  29;80100;NA;NAPOLI;COSCIANAM@GMAIL.COM;081299627;081299627
1170;ASSOCIAZIONE IEUROFORM;FALANGA LAURA;ENTE PRIVATO;;07659490630;VIA PORPORA;NAPOLI;NA;INFO@IEUROFORM.IT;0815563393;0815563393;;;VIA PORPORA  7 A/B;80128;NA;NAPOLI;INFO@IEUROFORM.IT;0815563393;0815563393
1422;ASSOCIAZIONE MULTIMEDIAFORM;SORRENTINO MARIA;ENTE PRIVATO;;95083610634;VIA UNIVERSITA';PORTICI;NA;DIREZIONE@PEC.MULTIMEDIAFORM.IT;0817768453;0817768453;;;VIA UNIVERSITÀ 123;80055;NA;PORTICI;ALFREDO.TUCCI@MULTIMEDIAFORM.IT;0817768453;0816124597
1466;FO.SVI.TER.;DE VITA GIOVANNA;ENTE PRIVATO;01384930622;01384930622;C.DA PIANO CAPPELLE 129;BENEVENTO;BN;FOSVITER@ALICE.IT;0824351239;0824351239;;;C.DA PIANO CAPPELLE 129;82100;BN;BENEVENTO;FOSVITER@ALICE.IT;0824351239;0824351239
1466;FO.SVI.TER.;DE VITA GIOVANNA;ENTE PRIVATO;01384930622;01384930622;C.DA PIANO CAPPELLE 129;BENEVENTO;BN;FOSVITER@ALICE.IT;0824351239;0824351239;;;P.ZZA A. FUSCO;82030;BN;TORRECUSO;FOSVITER.FORMAZIONE@GMAIL.COM;0824351239;0824351239
1531;COORDINAMENTO REGIONALE HANDICAPPATI;BEMBO GIOVANNI;ENTE PRIVATO;;94075520638;CORSO VITTORIO EMANUELE;NAPOLI;NA;COORDINAMENTO.REGIONALE@PEC.NET;+390817877078;+390817877078;;;CENTRO DIREZIONALE ISOLA A/3 SC. B INTERNO 406;80135;NA;NAPOLI;COORDINAMENTO.REGIONALE@PEC.NET;0817877078;0817877078
1544;CENTRO SCOLASTICO CARLO CATTANEO S.R.L.;GUARDABASCIO ROMINA;ENTE PRIVATO;02142600648;02142600648;VIA G. MATTEOTTI;ARIANO IRPINO;AV;CENTROCATTANEO@ECERT.IT;0825872724;0825872724;138809;;VIA EMILIO G. TURCO N. 28;83100;AV;AVELLINO;INFO@CENTROCATTANEO.COM;082530360;082530360
1544;CENTRO SCOLASTICO CARLO CATTANEO S.R.L.;GUARDABASCIO ROMINA;ENTE PRIVATO;02142600648;02142600648;VIA G. MATTEOTTI;ARIANO IRPINO;AV;CENTROCATTANEO@ECERT.IT;0825872724;0825872724;138809;;VIA FONTANANUOVA 80;83031;AV;ARIANO IRPINO;INFO@CENTROCATTANEO.COM;0825872724;0825872724
1567;GLOBAL CENTER FORM COOPERATIVA PRODUZIONE E LAVORO;MANFRELLOTTI SIMONA;ENTE PRIVATO;05763731212;05763731212;VIA PASSARIELLO;POMIGLIANO D'ARCO;NA;GLOBALCENTERFORM@LIBERO.IT;0818036865;0818036865;774493;;VIA PASSARIELLO 128;80038;NA;POMIGLIANO D'ARCO;GLOBALCENTERFORM@PCERT.POSTECERT.IT;0818036865;0818036865
1580;UNIONE ITALIANA CIECHI E DEGLI IPOVEDENTI ONLUS;CANNAVALE GIULIA ANTONELLA;ENTE PRIVATO;02194790610;00294230610;VIA LUPOLI;CASERTA;CE;UICICASERTA@PEC.IT;0823355762;0823355382;;;VIA LUPOLI 40;81100;CE;CASERTA;UICCE@UICIECHI.IT;0823355762;0823355382
1611;NEW SKILL SRL;ZUNICO FRANCESCO;ENTE PRIVATO;07298421210;07298421210;VIA DELLE CAVE;NAPOLI;NA;NEWSKILL@PEC.IT;0817363165;0817367267;874887;;VIA DELLE CAVE, 76;80144;NA;NAPOLI;NEWSKILL@PEC.IT;0817363165;0817367267
1619;ASFEL S.R.L.;MARINO VINCENZO;ENTE PRIVATO;05404930652;05404930652;VIA PONTE AIELLO;ANGRI;SA;FORMAZIONEANGRI@LIBERO.IT;081948827;0815138000;443274;;VIA SALVATORE DI GIACOMO 2;84012;SA;ANGRI;FORMAZIONEANGRI@LIBERO.IT;081948827;081948827
1662;OMNIAFORM S.C.A R.L.;FRATTOLILLO LIA;ENTE PRIVATO;;01431830627;VIA FILIPPO TURATI;SAN GIORGIO DEL SANNIO;BN;INFO.OMNIAFORM@PEC.IT;082440658;082440658;;;VIA TURATI, 8BIS;82018;BN;SAN GIORGIO DEL SANNIO;SEGRETERIA@OMNIAFORM.COM;082440658;082440658
1699;CENTRO DI FORMAZIONE PROFESSIONALE JOLIE SAS DI ERRICHIELLO ROSA;ERRICHIELLO ROSA;ENTE PRIVATO;05353721219;05353721219;VIA CAMILLO CUCCA;BRUSCIANO;NA;CENTROFORMAZIONEJOLIE@LEGALMAIL.IT;08119008089;08119008089;747957;855990;VIA CAMILLO CUCCA 21;80031;NA;BRUSCIANO;JOLIECFP@VIRGILIO.IT;0818862422;0818862422
1699;CENTRO DI FORMAZIONE PROFESSIONALE JOLIE SAS DI ERRICHIELLO ROSA;ERRICHIELLO ROSA;ENTE PRIVATO;05353721219;05353721219;VIA CAMILLO CUCCA;BRUSCIANO;NA;CENTROFORMAZIONEJOLIE@LEGALMAIL.IT;08119008089;08119008089;747957;855990;VIA CAMILLO CUCCA N. 21;80031;NA;BRUSCIANO;JOLIECFP@VIRGILIO.IT;0818862422;0818862422
1708;UNINDUSTRIA SERVIZI S.R.L.;PEZZA ANNA;;01315290625;01315290625;PIAZZA V. COLONNA;BENEVENTO;BN;UNINDUSTRIA@CONFINDUSTRIA.BENEVENTO.IT;082450120;082429595;110491;702209;PIAZZA V. COLONNA 8;82100;BN;BENEVENTO;UNINDUSTRIA@CONFINDUSTRIA.BENEVENTO.IT;082450120;082429595
1723;PERCORSI S.R.L;BIDOLI MARCELLINO;ENTE PRIVATO;06026441003;06026441003;VIALE MANZONI;ROMA;RM;CMAZZA@XCORSI.IT;0697605350;0697605370;943740;855920;VIA VICINALE S. MARIA DEL PIANTO - COMPLESSO INAIL - TORRE 3;80143;NA;NAPOLI;VFALANGA@XCORSI.IT;08119711784;08119711785
1727;ASSOCIAZIONE SOPHIS;BOTTA MARCO;ENTE PRIVATO;04595440654;91040740655;VIA BRODOLINI;BATTIPAGLIA;SA;SOPHIS@PEC.IT;0828333337;0828333337;380288;855920;VIA BRODOLINI, 16;84091;SA;BATTIPAGLIA;SOPHIS@PEC.IT;0828333337;0828333337
1727;ASSOCIAZIONE SOPHIS;BOTTA MARCO;ENTE PRIVATO;04595440654;91040740655;VIA BRODOLINI;BATTIPAGLIA;SA;SOPHIS@PEC.IT;0828333337;0828333337;380288;855920;VIA BRODOLINI, 2 INT.24;84091;SA;BATTIPAGLIA;INFO@SOPHIS.BIZ;0828333337;0828333337
1731;GI.GA. GROUP S.R.L.;DELLI PRISCOLI ANTONIO;ENTE PRIVATO;04300360650;04300360650;VIA TORRENTE;MERCATO SAN SEVERINO;SA;INFO@GIGAGROUP.IT;089826730;089826730;356881;855920;CORSO S. VINCENZO FERRERI;84084;SA;FISCIANO;INFO@GIGAGROUP.IT;089826730;089826730
1731;GI.GA. GROUP S.R.L.;DELLI PRISCOLI ANTONIO;ENTE PRIVATO;04300360650;04300360650;VIA TORRENTE;MERCATO SAN SEVERINO;SA;INFO@GIGAGROUP.IT;089826730;089826730;356881;855920;VIA TORINO, 8;84085;SA;MERCATO SAN SEVERINO;INFO@GIGAGROUP.IT;089826730;089826730
1731;GI.GA. GROUP S.R.L.;DELLI PRISCOLI ANTONIO;ENTE PRIVATO;04300360650;04300360650;VIA TORRENTE;MERCATO SAN SEVERINO;SA;INFO@GIGAGROUP.IT;089826730;089826730;356881;855920;VIA TORRENTE, 6;84085;SA;MERCATO SAN SEVERINO;INFO@GIGAGROUP.IT;089826730;089826730
1739;ZAHIR SRL;D'AMATO MASSIMILIANO;ENTE PRIVATO;06060751218;06060751218;VIA BONADUCE;SCAFATI;SA;ECM@ZAHIRSRL.IT;0810606113;0813606219;792699;855920;VIA BONADUCE 66;84018;SA;SCAFATI;ECM@ZAHIRSRL.IT;0810606113;0813606219
1739;ZAHIR SRL;D'AMATO MASSIMILIANO;ENTE PRIVATO;06060751218;06060751218;VIA BONADUCE;SCAFATI;SA;ECM@ZAHIRSRL.IT;0810606113;0813606219;792699;855920;VIA FERRANTE IMPARATO, 182;80146;NA;NAPOLI;ECM@ZAHIRSRL.IT;0810606026;0813606219
1753;PER.FORM SRL;TRIFONI RICCARDO;ENTE PRIVATO;07790271212;07790271212;VIA GIUSEPPE CAPALDO;NAPOLI;NA;PER.FORM@PEC.IT;08119660554;08119720536;909828;855920;VIA GALILEO GALILEI, 1BIS;80030;NA;MARIGLIANELLA;PER.FORM@PEC.IT;0813426035;0813426035
1753;PER.FORM SRL;TRIFONI RICCARDO;ENTE PRIVATO;07790271212;07790271212;VIA GIUSEPPE CAPALDO;NAPOLI;NA;PER.FORM@PEC.IT;08119660554;08119720536;909828;855920;VIALE DI AUGUSTO, 132;80125;NA;NAPOLI;PER.FORM@PEC.IT;0813426035;0813426035
1786;SOCIETA' CONSORTILE FO.R. A.C.A.I. CAMPANIA S.R.L.;LOMBARDI FRANCESCO;ENTE PRIVATO;02649080641;02649080641;VIA TERMINIO;AVELLINO;AV;FORACAICAMPANIASRL@LEGALMAIL.IT;0824874030;0824875313;173165;829999;C/DA COLLEPIANO, 20;82030;BN;TORRECUSO;FORACAICAMPANIASRL@LEGALMAIL.IT;0824874030;0824875313
1786;SOCIETA' CONSORTILE FO.R. A.C.A.I. CAMPANIA S.R.L.;LOMBARDI FRANCESCO;ENTE PRIVATO;02649080641;02649080641;VIA TERMINIO;AVELLINO;AV;FORACAICAMPANIASRL@LEGALMAIL.IT;0824874030;0824875313;173165;829999;VIA TERMINIO, 11;83100;AV;AVELLINO;FRA.LOMBARDI@TIN.IT;082531363;082531363
1790;DEAFORM SRL;CAMICIA DANIELE;ENTE PRIVATO;04731620656;04731620656;VIA DELL'INDUSTRIA;BELLIZZI;SA;DEAFORM@EMAIL.IT;3335665340;089981636;389703;855920;VIA BOLOGNA 10/16;84092;SA;BELLIZZI;DEAFORM@EMAIL.IT;08281843526;08281843526
1790;DEAFORM SRL;CAMICIA DANIELE;ENTE PRIVATO;04731620656;04731620656;VIA DELL'INDUSTRIA;BELLIZZI;SA;DEAFORM@EMAIL.IT;3335665340;089981636;389703;855920;VIA COPERNICO 51/55;84092;SA;BELLIZZI;DEAFORM@EMAIL.IT;08281843526;08281843526
1801;MCG CONSULTING SRL;BANCONE GIACOMO;ENTE PRIVATO;04844860652;04844860652;VIA G. PASTORE;SALERNO;SA;MCGCONSULTING@PEC.IT;0893856932;0893856933;398378;;VIA G. PASTORE, 32;84131;SA;SALERNO;DIREZIONE@MCGCONSULTING.IT;0893856932;0893856933
1808;TIME OUT SERVICE S.R.L.S.;DITTO ENRICO;ENTE PRIVATO;07754841216;07754841216;CORSO UMBERTO I;NAPOLI;NA;TIMEOUTSERVICE@PEC.IT;0818184980;0818184980;907816;;CORSO UMBERTO I 174;80138;NA;NAPOLI;TIMEOUTSERVICE@PEC.IT;0818184980;0814620113
1850;SFC SOCIETA' COOPERATIVA ARL;APREA PASQUALINA;ENTE PRIVATO;07956510635;07956510635;VIA NUOVA POGGIOREALE -TORRE 7;NAPOLI;NA;INFO@ESSEFFECI.COM;0817872803;0817872831;685924;;VIA NUOVA POGGIOREALE N.61-TORRE 7;80143;NA;NAPOLI;INFOESSEFFECI@LIBERO.IT;0817872851;0817872831
1850;SFC SOCIETA' COOPERATIVA ARL;APREA PASQUALINA;ENTE PRIVATO;07956510635;07956510635;VIA NUOVA POGGIOREALE -TORRE 7;NAPOLI;NA;INFO@ESSEFFECI.COM;0817872803;0817872831;685924;;VIA SANTA MARIA DEL PIANTO, 1;80143;NA;NAPOLI;INFOESSEFFECI@LIBERO.IT;0817872851;0817872831
1864;S.E.F SRL;CARUSO MARCO ELIO LUCIO;ENTE PRIVATO;06583241218;06583241218;VIA PIETRO CASTELLINO;NAPOLI;NA;PEC@PEC.SEFSRL.NET;08119319611;08119736854;824228;;VIA DAUNAI SNC;83020;AV;TAURANO;M.CARUSO@SEFSRL.NET;0818240417;08251801131
1864;S.E.F SRL;CARUSO MARCO ELIO LUCIO;ENTE PRIVATO;06583241218;06583241218;VIA PIETRO CASTELLINO;NAPOLI;NA;PEC@PEC.SEFSRL.NET;08119319611;08119736854;824228;;VIA PIETRO CASTELLINO, 141;80131;NA;NAPOLI;M.CARUSO@SEFSRL.NET;08119319611;08119722342
1880;CHARME E FEMINITE' DI ILARIA VIOLETTI & C.;VIOLETTI ILARIA;ENTE PRIVATO;06745341211;06745341211;VIA DEL ROSARIO;POMIGLIANO D'ARCO;NA;CHARMEEFEMINITE@ARUBAPEC.IT;0818842487;0818842487;836833;;VIA DEL ROSARIO, 6;80038;NA;POMIGLIANO D'ARCO;CHARME.EFEMINITE@LEGALMAIL.IT;0818842487;0818842487
1882;FORMASICURO PROVINCIALE TERRA DI LAVORO - CASERTA;BRANCACCIO PASQUALE;ENTE PRIVATO;;93075930615;VIAROMA;CASAPULLA;CE;FORMASICUROCASERTA@PEC.IT;08231761670;08231760104;267972;;VIA ROMA N. 13;81020;CE;CASAPULLA;FORMASICUROCE@LIBERO.IT;08231761670;08231760104
1883;CENTRO SCOLASTICO GALILEO GALILEI S.R.L.;NUNZIATA GIUSEPPE;ENTE PRIVATO;06673920630;06673920630;VIALE COLLI AMINEI;NAPOLI;NA;CSGALILEOGALILEISRL@LIBERO.IT;0815126438;0815121043;513535;;VIA OTTAVIANO AUGUSTO N. 38;80035;NA;NOLA;CSGALILEOGALILEISRL@LIBERO.IT;0815126438;0815121043
1904;S.C.E.P. SOCIETA' CINEMATOGRAFICA E PUBBLICITA' S.R.L.;ORIOLI ILARIA;ENTE PRIVATO;07656860637;07656860637;CORSO EUROPA;NAPOLI;NA;SCEPSRL@ITPEC.IT;0817142210;0817142852;643386;;CORSO EUROPA 6;80127;NA;NAPOLI;INFO@SCEPCINEMATOGRAFICA.IT;0817142210;0817142852
1908;ENAP S.A.S. DI MARIA CRISTINA DI FILIPPO & C.;DI FILIPPO MARIA CRISTINA;ENTE PRIVATO;01512831213;06226280631;VIA SIMMACO;CASTELLAMMARE DI STABIA;NA;INFO@ENAPSCUOLA.COM;081.872.70.48;081.870.58.40;479990;;VIA MARCONI, 27;80059;NA;TORRE DEL GRECO;INFO@ENAPSCUOLA.COM;081.881.46.75;081.870.58.40
1908;ENAP S.A.S. DI MARIA CRISTINA DI FILIPPO & C.;DI FILIPPO MARIA CRISTINA;ENTE PRIVATO;01512831213;06226280631;VIA SIMMACO;CASTELLAMMARE DI STABIA;NA;INFO@ENAPSCUOLA.COM;081.872.70.48;081.870.58.40;479990;;VIA SIMMACO, 1 P.T.- 1 PIANO INT. 3 E 4;80053;NA;CASTELLAMMARE DI STABIA;INFO@ENAPSCUOLA.COM;081.872.70.48;081.870.58.40
1909;800 NAPOLETANO SRL;IOVANE GENNARO;ENTE PRIVATO;07078851214;07078851214;VIA VITTORIO EMANUELE;PORTICI;NA;800NAPOLETANO@GMAIL.COM;081476340;0812560132;860008;855920;VIA VITTORIO EMANUELE 2;80055;NA;PORTICI;800NAPOLETANO@GMAIL.COM;081476340;0812560132
1912;CENTRO DI FORMAZIONE "AVVENIRE" S.R.L.;MATONTI MARIANNA;ENTE PRIVATO;03519690618;03519690618;VIA FUORI SANT'ANNA;AVERSA;CE;INFO@AVVENIREWEB.IT;0818904367;0815020463;250498;855920;VIA J.F.KENNEDY, 26;81031;CE;AVERSA;INFO@AVVENIREWEB.IT;081.890.4367;081.502.0463
1924;META SRL;ALBERICO DONATO;ENTE PRIVATO;04067520652;04067520652;VIA CAMERINO;SAN RUFO;SA;POSTACERT@PEC.METAGESTIONI.IT;0975374061;0975374061;340268;;VIA GROSOLEIA,17;84030;SA;SAN PIETRO AL TANAGRO;SEGRETERIA@METAGESTIONI.IT;0975398073;0975399924
1930;ISTITUTO SUOR ORSOLA BENINCASA - ENTE MORALE -;CRAVERI PIERO;;03375840638;80109130635;VIA SUOR ORSOLA;NAPOLI;NA;PRESIDENZA.ENTEMORALE@UNISOB.NA.IT;0812522288;0812522287;;;VIA SUOR ORSOLA N.10;80135;NA;NAPOLI;FORMAZIONE.ENTEMORALE@UNISOB.NA.IT;0812522344;0812522287
1932;ZEUS COOPERATIVA SOCIALE ONLUS;PIANESE BIANCA;ENTE PRIVATO;06736781219;06736781219;GIUGLIANO IN CAMPANIA (NA) VIA PAGLIAIO DEL MONACO;GIUGLIANO IN CAMPANIA;NA;ZEUSFORMAZIONE@LIBERO.IT;0815761373;0815761373;836847;;VIA MICHELANGELO N° 114;81031;CE;AVERSA;ZEUSFORMAZIONE@LIBERO.IT;0815761373;0815761373
1932;ZEUS COOPERATIVA SOCIALE ONLUS;PIANESE BIANCA;ENTE PRIVATO;06736781219;06736781219;GIUGLIANO IN CAMPANIA (NA) VIA PAGLIAIO DEL MONACO;GIUGLIANO IN CAMPANIA;NA;ZEUSFORMAZIONE@LIBERO.IT;0815761373;0815761373;836847;;VIA PAGLIAIO DEL MONACO;80014;NA;GIUGLIANO IN CAMPANIA;ZEUS.COOP@LIBERO.IT;0815761373;0817420729
1946;CERTFORM S.C.A.R.L.;MASCOLO ELIODORO;ENTE PRIVATO;04989280658;94060570655;VIA VICINALE CIOFFI;;;INFO@CERTFORM.IT;0818502378;0814620007;416870;;VIA VICINALE CIOFFI SNC;84018;SA;SCAFATI;INFO@CERTFORM.IT;0818502378;0814620007
1947;AGENZIA LOCALE DI SVILUPPO DEI COMUNI DELL'AREA NOLANA S.C.P.A.;TRINCHESE GIOVANNI;ENTE PRIVATO;04525451219;04525451219;VIA TRIVICE D'OSSA;CAMPOSANO;NA;SEGRETERIA@AGENZIAAREANOLANA.IT;0818239106;08119143109;700725;841110;VIA TRIVICE D'OSSA 28;80030;NA;CAMPOSANO;AGENZIAAREANOLANA@PEC.IT;0818239106;08119143109
1948;ELFI;D'AMORE RAFFAELE;ENTE PRIVATO;;92057410620;VIA SAN VITO;SOLOFRA;AV;AVVRAFDAMORE@PEC.IT;0825583924;0825583924;;949990;VIA SAN VITO ZONA INDUSTRIALE;83029;AV;SOLOFRA;INFO@ELFI.ME;08119578176;08119578176
1948;ELFI;D'AMORE RAFFAELE;ENTE PRIVATO;;92057410620;VIA SAN VITO;SOLOFRA;AV;AVVRAFDAMORE@PEC.IT;0825583924;0825583924;;949990;VIA VICINALE SANTA MARIA DEL PIANTO TORRE 1;80100;NA;NAPOLI;INFO@ELFI.ME;08119578176;08119578176
1952;FE.N.A.I.L.P.;GUERRIERI FRANCESCO CIRO;ENTE PRIVATO;05040211210;96068600228;VIA RIVIERA DI CHIAIA;NAPOLI;NA;INFO@FENAILP.IT;0812481146;0817641708;;;VIA RIVIERA DI CHIAIA 276;80121;NA;NAPOLI;INFO@FENAILP.IT;0812481146;0817641708
1968;NEW KENNEDY SRL;PARISI ARIANNA;ENTE PRIVATO;04976730657;04976730657;VIA INDIPENDENZA;SARNO;SA;INFONEWKENNEDY@GMAIL.COM;081965636;081965636;409801;;VIA INDIPENDENZA N. 27;84087;SA;SARNO;INFONEWKENNEDY@GMAIL.COM;081965636;081965636
1979;MA.GI.AL.MA. SOCIETA' COOPERATIVA;MONACO ANGELO;ENTE PRIVATO;03844670616;03844670616;VIA AGOSTINO STELLATO - CENTRO EOS;SAN PRISCO;CE;MAGIALMACOOP@PEC.IT;0823795520;0823795520;277375;;VIA AGOSTINO STELLATO SNC;81054;CE;SAN PRISCO;MAGIALMACOOP@PEC.IT;0823795520;0823795520
1983;MAFALDA SOCIETA' COOPERATIVA SOCIALE;CALDERINI ANDREA;ENTE PRIVATO;03138380617;03138380617;VIALE DEI BERSAGLIERI;;;COOP.MAFALDA@GMAIL.COM;0823462672;08231844355;220878;879000;VIALE DEI BERSAGLIERI 32D;81100;CE;CASERTA;MACIARIELLO.GIOVANNA@GMAIL.COM;0823462672;08231844355
2022;ISIF MONTESSORI S.R.L.;MARTELLONE TERESA;ENTE PRIVATO;03765880616;03765880616;VIALE LIBERTA';SANTA MARIA A VICO;CE;ISTITUTO.MONTESSORI@LIBERO.IT;0824834153;0824834153;270944;;VIA SAN MARTINO N. 34;82016;BN;MONTESARCHIO;ISTITUTO.MONTESSORI@LIBERO.IT;0824834153;0834834153
2041;VISIONE GLOBALE SRLS;CASERTA ROSARIO;ENTE PRIVATO;03966010617;03966010617;VIA G.M. BOSCO;CASERTA;CE;VISIONEGLOBALESRLS@PEC.IT;08231845212;08231845212;287683;;VIA G.M. BOSCO 78/80;81100;CE;CASERTA;VISIONEGLOBALE3.0@GMAIL.COM;08231845212;08231845212
2050;FONDAZIONE CULTURA & INNOVAZIONE;IUZZOLINO RICCARDO;ENTE PRIVATO;95172440638;95172440638;VIA FRANCESCO CARACCIOLO;;;CULTURAEINNOVAZIONE@PEC.CULTURAEINNOVAZIONE.ORG;0816020711;08119563334;882988;;VIA EMANUELE GIANTURCO N.31;80100;NA;NAPOLI;CULTURAEINNOVAZIONE@PEC.CULTURAEINNOVAZIONE.ORG;08118966299;08118966219
2050;FONDAZIONE CULTURA & INNOVAZIONE;IUZZOLINO RICCARDO;ENTE PRIVATO;95172440638;95172440638;VIA FRANCESCO CARACCIOLO;;;CULTURAEINNOVAZIONE@PEC.CULTURAEINNOVAZIONE.ORG;0816020711;08119563334;882988;;VIA G. PORZIO 4 ISOLA 7 CDIREZ.;80100;NA;NAPOLI;AMALIAESPOSITO@CULTURAEINNOVAZIONE.ORG;0816068601;0817340863
2064;CHARME ACCADEMIA NAZIONELE PARRUCCHIERI SAS DI IAVAZZO MARIA;IAVAZZO MARIA;ENTE PRIVATO;04111230613;04111230613;VIALE EUROPA;AVERSA;CE;CHARMEACCADEMIA@PEC.IT;0818149970;0818149766;299585;;VIALE EUROPA 100;81031;CE;AVERSA;CHARMEACCADEMIA@PEC.IT;0818149970;0818149766
2064;CHARME ACCADEMIA NAZIONELE PARRUCCHIERI SAS DI IAVAZZO MARIA;IAVAZZO MARIA;ENTE PRIVATO;04111230613;04111230613;VIALE EUROPA;AVERSA;CE;CHARMEACCADEMIA@PEC.IT;0818149970;0818149766;299585;;VIALE EUROPA 100;81031;CE;AVERSA;CHARMEACCADEMIA@PEC.IT;0818149970;0818149970
2109;ENTE EUROFORM REGIONE CAMPANIA;ANTONACCI SALVATORE;;07998291210;93056060630;VIA CONTE DI ACERRA;ACERRA;NA;EUROFORM.CAMPANIA@LIBERO.IT;0813198332;0813198332;;;VIA BIANCULLI N° 1;80011;NA;ACERRA;EUROFORM.CAMPANIA@LIBERO.IT;0813198332;0813198332
2109;ENTE EUROFORM REGIONE CAMPANIA;ANTONACCI SALVATORE;;07998291210;93056060630;VIA CONTE DI ACERRA;ACERRA;NA;EUROFORM.CAMPANIA@LIBERO.IT;0813198332;0813198332;;;VIA CONTE DI ACERRA 51/53;80011;NA;ACERRA;EUROFORM.CAMPANIA@LIBERO.IT;0813198332;0813198332
2109;ENTE EUROFORM REGIONE CAMPANIA;ANTONACCI SALVATORE;;07998291210;93056060630;VIA CONTE DI ACERRA;ACERRA;NA;EUROFORM.CAMPANIA@LIBERO.IT;0813198332;0813198332;;;VIA VESUVIO, 9/10/11;80017;NA;MELITO DI NAPOLI;EUROFORM.CAMPANIA@GMAIL.COM;0813198332;0813198832
2109;ENTE EUROFORM REGIONE CAMPANIA;ANTONACCI SALVATORE;;07998291210;93056060630;VIA CONTE DI ACERRA;ACERRA;NA;EUROFORM.CAMPANIA@LIBERO.IT;0813198332;0813198332;;;VIA VITO DI JASI, 49;81031;CE;AVERSA;EUROFORM.CAMPANIA@GMAIL.COM;0813198332;0813198832
2118;L'OASI DEL FANCIULLO S.R.L. IMPRESA SOCIALE - SCUOLA PARITARIA "SAN GIORGIO";AMATO CAROLINA;;06922290637;06922290637;VIA VICINALE PIGNATIELLO;NAPOLI;NA;L.OASIDELFANCIULLOSRL@LEGALMAIL.IT;0818767159;0815887869;539287;;VIA DORANDO PETRI N. 3 E 5;80010;NA;QUARTO;OASIDELFANCIULLO@TIN.IT;0818767159;0815887869
2129;ISIS ROSARIO LIVATINO;ARENGA ANNA;;;94204710639;VIA ATRIPALDI;NAPOLI;NA;NAIS006004@PEC.ISTRUZIONE.IT;0815721763;0815720077;;;VIA DOMENICO ATRIPALDI 42;80146;NA;NAPOLI;NAIS006004@ISTRUZIONE.IT;0815721763;0815720077
2130;CAMPANIA FUTURA S.R.L.;BRANCACCIO VALERIA;;07583871210;07583871210;VIA B. BRIN;NAPOLI;NA;CAMPANIAFUTURA@GMAIL.COM;081281507;081281507;895163;;VIA B. BRIN, 65;80142;NA;NAPOLI;CAMPANIAFUTURA@GMAIL.COM;081281507;081281507
2130;CAMPANIA FUTURA S.R.L.;BRANCACCIO VALERIA;;07583871210;07583871210;VIA B. BRIN;NAPOLI;NA;CAMPANIAFUTURA@GMAIL.COM;081281507;081281507;895163;;VIA VIC. S.MARIA DEL PIANTO - TORRE 5- PIANO 10;80143;NA;NAPOLI;CAMPANIAFUTURA@GMAIL.COM;081281507;081281507
2130;CAMPANIA FUTURA S.R.L.;BRANCACCIO VALERIA;;07583871210;07583871210;VIA B. BRIN;NAPOLI;NA;CAMPANIAFUTURA@GMAIL.COM;081281507;081281507;895163;;VIA VICINALE S.MARIA DEL PIANTO - TORRE 3;80143;NA;NAPOLI;CAMPANIAFUTURA@GMAIL.COM;081281507;081281507
2136;PINETA GRANDE S.P.A;FERRIELLO ANNA MARIA;;;07045161218;VIA G. PERGOLESI;;;FORMAZIONE@PINETAGRANDE.IT;0823854426;0823851941;;;VIA DOMITIANA KM.30;81030;CE;CASTEL VOLTURNO;FORMAZIONE@PINETAGRANDE.IT;0823854426;0823851941
2157;CONSORZIO SANITEL GE.ASS."IMPRESA SOCIALE";DEL DUCA SALVATORE;;07344070631;07344070631;VIA NICOLARDI N. 145 P.CO ARCADIA N.3;NAPOLI;NA;CONSORZIO.GE.ASS@PEC.IT;0817411841;0817411841;;960909;VIA NUOVA SAN ROCCO 95;80131;NA;NAPOLI;SANITEL@SANITELGROUP.IT;0817411841;0817411841
2163;QUANTA S.P.A.;DI NARDO SANDRO;;10990660150;10990660150;VIA ASSIETTA;MILANO;MI;QUANTA.APL@PEC.IT;089255346;0283387708;1424760;702209;VIA MEDINA 40;80133;NA;NAPOLI;NAPOLI@QUANTA.COM;0815630139;0283387734
2163;QUANTA S.P.A.;DI NARDO SANDRO;;10990660150;10990660150;VIA ASSIETTA;MILANO;MI;QUANTA.APL@PEC.IT;089255346;0283387708;1424760;702209;VIA VINCENZO SCHIAVO 7;84128;SA;SALERNO;SALERNO@QUANTA.COM;089255346;0283387708
2168;ISTITUTO SANTA CROCE COOPERATIVA SOCIALE;DI MARTINO ANNA;;07547531215;07547531215;VIA SALITA SANTA CROCE;CASTELLAMMARE DI STABIA;NA;INFO@ISTITUTOSANTACROCE.IT;0818724445;0818717375;;;VIA NUOVA SAN LEONE N. 62;80054;NA;GRAGNANO;MANAGEMENT@ISTITUTOSANTACROCE.IT;0818724445;08118851451
2168;ISTITUTO SANTA CROCE COOPERATIVA SOCIALE;DI MARTINO ANNA;;07547531215;07547531215;VIA SALITA SANTA CROCE;CASTELLAMMARE DI STABIA;NA;INFO@ISTITUTOSANTACROCE.IT;0818724445;0818717375;;;VIA SANTA CROCE N. 56;80054;NA;GRAGNANO;INFO@ISTITUTOSANTACROCE.IT;0818724445;0818717375
2173;ENAIP IMPRESA SOCIALE SRL;CECCHETTI VITALIANA;;11663071006;11663071006;VIA ERGISTO BEZZI;ROMA;RM;ENAIPIMPRESASOCIALESRL@LEGALMAIL.IT;06570291;0645422439;1319831;855920;VIA ERGISTO BEZZI 23/25;00153;RM;ROMA;ENAIPIS_SRL@PEC.IT;0690211943;0645422439
2173;ENAIP IMPRESA SOCIALE SRL;CECCHETTI VITALIANA;;11663071006;11663071006;VIA ERGISTO BEZZI;ROMA;RM;ENAIPIMPRESASOCIALESRL@LEGALMAIL.IT;06570291;0645422439;1319831;855920;VIA GALILEO GALILEI 1 BIS;80030;NA;MARIGLIANELLA;ENAIPIS_SRL@PEC.IT;0810155502;0810155502
2183;ISTITUTO DI ISTRUZIONE SUPERIORE PIAGET S.R.L.;FILICE RENATO;;05161650659;05161650659;PIAZZA DE VITA;BATTIPAGLIA;SA;ITASPIAGET@TISCALI.IT;0828302360;0828616537;424673;853209;PIAZZA DE VITA N°20;84091;SA;BATTIPAGLIA;ALFANO.CLEMENTE@TIN.IT;0828309319;0828309319
2183;ISTITUTO DI ISTRUZIONE SUPERIORE PIAGET S.R.L.;FILICE RENATO;;05161650659;05161650659;PIAZZA DE VITA;BATTIPAGLIA;SA;ITASPIAGET@TISCALI.IT;0828302360;0828616537;424673;853209;VIA GARIGLIANO N°4;84091;SA;BATTIPAGLIA;ITASPIAGET@TISCALI.IT;0828302360;0828616537
2187;DAFOR S.R.L.;PAONESSA ANTONELLO;;05215420653;05215420653;VIA E. MONTALE;BATTIPAGLIA;SA;DAFORSRL@PEC.IT;0974934343;0974934700;429021;065014;VIA S. MARGHERITA, 13;84051;SA;CENTOLA;PAONESSA@DAFOR.IT;0974934343;0974934700
2203;GI GROUP S.P.A.;MIRRI MAURIZIO;;11629770154;11629770154;PIAZZA IV NOVEMBRE;MILANO;MI;ACCREDITAMENTO.CAMPANIA@GIGROUP.COM;02444111;0266807343;1482329;N-7820;PARCO GABRIELLA- VIA GIOTTO 34;81100;CE;CASERTA;ACCREDITAMENTO.CAMPANIA@GIGROUP.COM;0823216266;0823216270
2203;GI GROUP S.P.A.;MIRRI MAURIZIO;;11629770154;11629770154;PIAZZA IV NOVEMBRE;MILANO;MI;ACCREDITAMENTO.CAMPANIA@GIGROUP.COM;02444111;0266807343;1482329;N-7820;VIA G. PORZIO ISOLA B5 TORRE FRANCESCO;80143;NA;NAPOLI;ACCREDITAMENTO.CAMPANIA@GIGROUP.COM;0817877653;0817500660
2203;GI GROUP S.P.A.;MIRRI MAURIZIO;;11629770154;11629770154;PIAZZA IV NOVEMBRE;MILANO;MI;ACCREDITAMENTO.CAMPANIA@GIGROUP.COM;02444111;0266807343;1482329;N-7820;VIA MASCAGNI ANGOLO VIA VERDI;80038;NA;POMIGLIANO D'ARCO;ACCREDITAMENTO.CAMPANIA@GIGROUP.COM;0818844224;0815213539
2203;GI GROUP S.P.A.;MIRRI MAURIZIO;;11629770154;11629770154;PIAZZA IV NOVEMBRE;MILANO;MI;ACCREDITAMENTO.CAMPANIA@GIGROUP.COM;02444111;0266807343;1482329;N-7820;VIA SS MARTIRI SALERNITANI, 15;84123;SA;SALERNO;ACCREDITAMENTO.CAMPANIA@GIGROUP.COM;0895647112;089256976
2208;APS SANNIOIRPINIA LAB;MIELE DANIELA;;;92067030640;VIA CASALI INTERNI;SAN MARTINO VALLE CAUDINA;AV;SANNIOIRPINIALAB@PEC.IT;0824840422;0824840422;;;VIA APPIA N. 29;82014;BN;CEPPALONI;PRESIDENZA@SANNIOIRPINIALAB.ORG;0824840422;0824840422
2208;APS SANNIOIRPINIA LAB;MIELE DANIELA;;;92067030640;VIA CASALI INTERNI;SAN MARTINO VALLE CAUDINA;AV;SANNIOIRPINIALAB@PEC.IT;0824840422;0824840422;;;VIA BENEVENTO N. 91;82016;BN;MONTESARCHIO;PRESIDENZA@SANNIOIRPINIALAB.ORG;08241664441;08241664441
2208;APS SANNIOIRPINIA LAB;MIELE DANIELA;;;92067030640;VIA CASALI INTERNI;SAN MARTINO VALLE CAUDINA;AV;SANNIOIRPINIALAB@PEC.IT;0824840422;0824840422;;;VIA CASALI INTERNI N. 83;83018;AV;SAN MARTINO VALLE CAUDINA;PRESIDENZA@SANNIOIRPINIALAB.ORG;0824841178;0824841178
2208;APS SANNIOIRPINIA LAB;MIELE DANIELA;;;92067030640;VIA CASALI INTERNI;SAN MARTINO VALLE CAUDINA;AV;SANNIOIRPINIALAB@PEC.IT;0824840422;0824840422;;;VIA NAZIONALE APPIA SNC;83016;AV;ROCCABASCERANA;PRESIDENZA@SANNIOIRPINIALAB.ORG;08241900107;08241900107
2209;DIDEROT SRL - IMPRESA SOCIALE;NAPOLITANO MASSIMILIANO;;07378451210;07378451210;VIALE OLIMPICO;CASORIA;NA;DIDEROT@PEC.IT;0817586008;08118991515;880181;853120;VIALE OLIMPICO 26;80026;NA;CASORIA;INFO@ISTITUTIDIDEROT.IT;0817586008;08118991515
2221;FONDAZIONE CONSULENTI PER IL LAVORO;CAPITANIO MAURO;;07979231003;97322850583;VIA CRISTOFORO COLOMBO;ROMA;RM;INFO@PEC.FONDAZIONELAVORO.IT;0659648413;0654602439;1066741;781000;VIA ALCIDE DE GASPERI 55;80133;NA;NAPOLI;SEGRETERIA@ORDINECDLNA.IT;0815518566;0817904209
2225;MESTIERI CONSORZIO DI COOPERATIVE SOCIALI S.C.S.;PONZI MAURO;;02552350981;02552350981;VIA ERMANNO BARIGOZZI;MILANO;MI;CONSORZIOMESTIERI@LEGALMAIL.IT;0236579661;0236579665;1780920;781000;VIA DEI LONGOBARDI, 19;82100;BN;BENEVENTO;BENEVENTO2@CONSORZIOMESTIERI.IT;0824366246;0824366246
2225;MESTIERI CONSORZIO DI COOPERATIVE SOCIALI S.C.S.;PONZI MAURO;;02552350981;02552350981;VIA ERMANNO BARIGOZZI;MILANO;MI;CONSORZIOMESTIERI@LEGALMAIL.IT;0236579661;0236579665;1780920;781000;VIA FRATELLI ADDABBO, 3;82100;BN;BENEVENTO;BENEVENTO@CONSORZIOMESTIERI.IT;0824326246;0824326246
2225;MESTIERI CONSORZIO DI COOPERATIVE SOCIALI S.C.S.;PONZI MAURO;;02552350981;02552350981;VIA ERMANNO BARIGOZZI;MILANO;MI;CONSORZIOMESTIERI@LEGALMAIL.IT;0236579661;0236579665;1780920;781000;VIA MADONNA DI FATIMA, 21;84129;SA;SALERNO;SALERNO@CONSORZIOMESTIERI.IT;0892583316;0892583316
2225;MESTIERI CONSORZIO DI COOPERATIVE SOCIALI S.C.S.;PONZI MAURO;;02552350981;02552350981;VIA ERMANNO BARIGOZZI;MILANO;MI;CONSORZIOMESTIERI@LEGALMAIL.IT;0236579661;0236579665;1780920;781000;VIA PROVINCIALE BOTTEGHELLE DI PORTICI, 139;80147;NA;NAPOLI;NAPOLI2@CONSORZIOMESTIERI.IT;0815844993;0815844993
2225;MESTIERI CONSORZIO DI COOPERATIVE SOCIALI S.C.S.;PONZI MAURO;;02552350981;02552350981;VIA ERMANNO BARIGOZZI;MILANO;MI;CONSORZIOMESTIERI@LEGALMAIL.IT;0236579661;0236579665;1780920;781000;VIALE DEI BERSAGLIERI 32/B;81100;CE;CASERTA;CASERTA@CONSORZIOMESTIERI.IT;0823462672;08231844355
2225;MESTIERI CONSORZIO DI COOPERATIVE SOCIALI S.C.S.;PONZI MAURO;;02552350981;02552350981;VIA ERMANNO BARIGOZZI;MILANO;MI;CONSORZIOMESTIERI@LEGALMAIL.IT;0236579661;0236579665;1780920;781000;VICO SCALCICCIA, 16;80142;NA;NAPOLI;NAPOLI@CONSORZIOMESTIERI.IT;081294426;0812141441
2229;ISTITUTO SUPERIORE PITAGORA;VITAGLIANO ANTONIO;;;96012430631;VIA TIBERIO 80078 POZZUOLI;POZZUOLI;NA;NAIS00400C@ISTRUZIONE.IT;0818555372;0818662263;;;VIA TIBERIO 1;80078;NA;POZZUOLI;NAIS00400C@ISTRUZIONE.IT;0818555372;0818662263
2233;ERIP S.A.S. DI ESPOSITO VERONICA & C.;ESPOSITO VERONICA;;04975991219;04975991219;VIA SANTA CATERINA;GRAGNANO;NA;ERIPCAVA@LIBERO.IT;089465989;089465989;;;VIA GAETANO FILANGIERI N. 8;84013;SA;CAVA DE  TIRRENI;ERIPCAVA@LIBERO.IT;089465989;089465989
2252;MOBILITY HIRPINIA LABOR S.R.L.;SOLIMINE MARIA GRAZIA;;02765310640;02765310640;CORSO EUROPA;AVELLINO;AV;INFO@MHLAB.IT;0825460819;1782707047;181718;;VIA FONTANA ANGELICA, 1;83031;AV;ARIANO IRPINO;INFO@MHLAB.IT;0825891747;0825891747
2252;MOBILITY HIRPINIA LABOR S.R.L.;SOLIMINE MARIA GRAZIA;;02765310640;02765310640;CORSO EUROPA;AVELLINO;AV;INFO@MHLAB.IT;0825460819;1782707047;181718;;VIA MOLINI;83058;AV;TREVICO;INFO@MHLAB.IT;3387715647;08251801081
2291;EVOLUZIONE E SALUTE S.R.L.;RICCI CHIARA;;05847441218;05847441218;VIA S.NULLO;GIUGLIANO IN CAMPANIA;NA;INFO@EVOLUZIONEESALUTE.IT;0815091272;08119722257;779806;;VIA LAGO PATRIA 26;80014;NA;GIUGLIANO IN CAMPANIA;INFO@EVOLUZIONEESALUTE.IT;0815091272;0819722112
2291;EVOLUZIONE E SALUTE S.R.L.;RICCI CHIARA;;05847441218;05847441218;VIA S.NULLO;GIUGLIANO IN CAMPANIA;NA;INFO@EVOLUZIONEESALUTE.IT;0815091272;08119722257;779806;;VIA S.NULLO, 179;80014;NA;GIUGLIANO IN CAMPANIA;INFO@EVOLUZIONEESALUTE.IT;0815091272;08119722257
2348;WAC - WELCOME AGENZIA DI COMUNICAZIONE E LAVORO SOCIETÀ COOPERATIVA;D'ELIA RAFFAELE;;02756540643;02756540643;VIA P. GRECO;AVELLINO;AV;WAC.IRPINIA24@PEC.IT;0825781351;0825248170;181054;;VIA P. GRECO, 6;83100;AV;AVELLINO;DIRETTORE@IRPINIA24.IT;0825781351;0825248170
2349;ISTITUTO SCOLASTICO A. BIAGGI;SILVESTRE ADRIANA;;02403010610;02403010610;VIALE DEI BERSAGLIERI;CASERTA;CE;CAESIL@TIN.IT;0823341398;0823283730;170245;;VIALE DEI BERSAGLIERI 58;81100;CE;CASERTA;CAESIL@TIN.IT;0823341398;0823283730
2361;ELLEESSEITALIA SOCIETA' DI SERVIZI DI INGEGNERIA E GEOLOGIA  SRL;SANTANASTASIO ROSARIO;;06823471211;06823471211;VIA AGOSTINO BRANCACCIO;TORRE DEL GRECO;NA;ELLEESSEITALIASRL@PEC.IT;0817523791;0817523791;841780;;PORTICCIOLO DEL MOLOSIGLIO;80133;NA;NAPOLI;AMMINISTRAZIONE@ELLEESSEITALIASRL.EU;0817523791;0817523791
2361;ELLEESSEITALIA SOCIETA' DI SERVIZI DI INGEGNERIA E GEOLOGIA  SRL;SANTANASTASIO ROSARIO;;06823471211;06823471211;VIA AGOSTINO BRANCACCIO;TORRE DEL GRECO;NA;ELLEESSEITALIASRL@PEC.IT;0817523791;0817523791;841780;;VIA AGOSTINO BRANCACCIO N.14;80059;NA;NAPOLI;AMMINISTRAZIONE@ELLEESSEITALIASRL.EU;0817523791;0817523791
2372;ORIENTA SPA;BIAZZO GIUSEPPE;;05819501007;05819501007;VIALE LUIGI SCHIAVONETTI;ROMA;RM;R.AGRESTI@ORIENTA.NET;0672439700;0672439439;;;VIA GIOVANNI PORZIO 4 - CENTRO DIREZIONALE NAPOLI;80143;NA;NAPOLI;NAPOLI@ORIENTA.NET;08161741240;0812425352
2372;ORIENTA SPA;BIAZZO GIUSEPPE;;05819501007;05819501007;VIALE LUIGI SCHIAVONETTI;ROMA;RM;R.AGRESTI@ORIENTA.NET;0672439700;0672439439;;;VIA NAZIONALE 4- TORRETTE DI MERCOGLIANO;83013;AV;MERCOGLIANO;AVELLINO@ORIENTA.NET;0825681291;0812425352
2388;TROTTA&TROTTA SRL;TROTTA FERDINANDO;;05225880656;05225880656;VIA ITALIA;EBOLI;SA;DIREZIONE@PEC.TROTTAETROTTA.IT;08281895925;08281890121;429854;;VIA FONTANELLE, 70;84025;SA;EBOLI;DIREZIONE@PEC.TROTTAETROTTA.IT;0828332440;08281890121
2388;TROTTA&TROTTA SRL;TROTTA FERDINANDO;;05225880656;05225880656;VIA ITALIA;EBOLI;SA;DIREZIONE@PEC.TROTTAETROTTA.IT;08281895925;08281890121;429854;;VIA ITALIA, 15;84025;SA;EBOLI;DIREZIONE@PEC.TROTTAETROTTA.IT;0828332440;0828361552
2391;CORPO INTERN. ASSISTENZA HUMANITAS SOCCORSO ITALIA;SCHIAVONE DI FAVIGNANA ROBERTO;;;95018300657;VIA RAFFAELE MAURI;SALERNO;SA;INFO@HUMANITAS-SALERNO.COM;089797994;0892750407;;;VIA LUNGOMARE COLOMBO 132 C/O POLO NAUTICO;84128;SA;SALERNO;INFO@HUMANITAS-SALERNO.COM;089797994;0892750407
2395;CENTRO FORMAZIONE E CONSULENZA S.A.S DI VISCARDI MADDALENA;VALERIO MAURO;;06469781212;06469781212;VIA BARTOLO LONGO;NAPOLI;NA;CFCNAPOLI@LIBERO.IT;0815770328;0815772976;817503;;VIA BARTOLO LONGO 249;80147;NA;NAPOLI;UFFICIOGARECOING@ALICE.IT;0815770328;08119567408
2398;CONSORZIO CONFINI SOCIETÀ COOP SOCIALE;MASTRANZO PIETRO;;05909661216;05909661216;VIALE DEI PINI;NAPOLI;NA;SEGRETERIA@CONSORZIOCONFINI.IT;08119711610;08119711611;784057;889900;VIALE DEI PINI 53;80131;NA;NAPOLI;INFO@PEC.CONSORZIOCONFINI.IT;08119711610;08119711611
2409;SYNERGIE ITALIA AGENZIA PER IL LAVORO S.P.A.;GARESIO GIUSEPPE;;07704310015;07704310015;VIA PISA;TORINO;TO;UFFICIO.GARE3@SYNERGIE-ITALIA.IT;0112359499;0112487535;917734;782000;VIA GASPARRI, 18 -81100  CASERTA;81100;CE;CASERTA;CASERTA1@SYNERGIE-ITALIA.IT;0823320170;0823353689
2409;SYNERGIE ITALIA AGENZIA PER IL LAVORO S.P.A.;GARESIO GIUSEPPE;;07704310015;07704310015;VIA PISA;TORINO;TO;UFFICIO.GARE3@SYNERGIE-ITALIA.IT;0112359499;0112487535;917734;782000;VIA PONTE DI TAPPIA N. 47;80133;NA;NAPOLI;NAPOLI1@SYNERGIE-ITALIA.IT;0815625769;0815625178
2409;SYNERGIE ITALIA AGENZIA PER IL LAVORO S.P.A.;GARESIO GIUSEPPE;;07704310015;07704310015;VIA PISA;TORINO;TO;UFFICIO.GARE3@SYNERGIE-ITALIA.IT;0112359499;0112487535;917734;782000;VIA SANTI MARTIRI SALERNITANI 15;84123;SA;SALERNO;SALERNO1@SYNERGIE-ITALIA.IT;089229444;089239801
2415;M.C.S. ACADEMY S.R.L.;SCAUZILLO GABRIELE;;02781140641;02781140641;C.DA CAMPOREALE - AREA PIP;ARIANO IRPINO;AV;MCSACADEMY@PEC.IT;0825871271;0825871271;182922;854100;C.DA CAMPOREALE, AREA PIP;83031;AV;ARIANO IRPINO;MCSACADEMY@PEC.IT;0825871271;0825871271
2415;M.C.S. ACADEMY S.R.L.;SCAUZILLO GABRIELE;;02781140641;02781140641;C.DA CAMPOREALE - AREA PIP;ARIANO IRPINO;AV;MCSACADEMY@PEC.IT;0825871271;0825871271;182922;854100;VIA CARDITO 202;83031;AV;ARIANO IRPINO;INFO@MCSACADEMY.IT;0825871271;0825871271
2419;FORM ACADEMY;DE MEO ANGELA;;01621280625;01621280625;VIA MUNANZIO PLANCO;BENEVENTO;BN;CRCATERINARUSSO@GMAIL.COM;082454785;08241755149;;;VIA MUNANZIO PLANCO N. 43-45-47;82100;BN;BENEVENTO;CRCATERINARUSSO@GMAIL.COM;082454785;08241755149
2420;SFIDE S.R.L.;GRECO GIANNI;;04927890659;04927890659;VIA ENRICO DE NICOLA;BATTIPAGLIA;SA;SFIDE@PEC.IT;08281993023;08281999084;405393;855920;VIA E. DE NICOLA, SNC;84091;SA;BATTIPAGLIA;FMTS_FORMAZIONE@LEGALMAIL.IT;08281993023;08281999084
2420;SFIDE S.R.L.;GRECO GIANNI;;04927890659;04927890659;VIA ENRICO DE NICOLA;BATTIPAGLIA;SA;SFIDE@PEC.IT;08281993023;08281999084;405393;855920;VIA E. DE NICOLA,SNC;84091;SA;BATTIPAGLIA;SFIDE@PEC.IT;08281993023;08281999084
2421;CENTRO STUDI LEONARD S.R.L.S.;SALVATO GIUSEPPE;;05361310658;05361310658;VIA NAZIONALE;PADULA;SA;CENTROSTUDILEONARD@GMAIL.COM;0975081016 - 3294949178;0975081016;439764;;VIA NAZIONALE;84034;SA;PADULA;GIUSEPPESALVATO83@GMAIL.COM;3294949178;0975514826
2424;CA.DI. SRL;DEL PRETE CARMELA;;07836931217;07836931217;VIA BERNANDO TANUCCI;NAPOLI;NA;CADISCHOOL@LIBERO.IT;0815068716;0815068716;913999;;VIA GABRIELE D'ANNUNZIO, 19;80014;NA;GIUGLIANO IN CAMPANIA;CENTROSCOLASTICO.CUSANO@ALICE.IT;0815068716;0815068716
2438;ISTITUTO REGIONALE COMPETITOR;VISONE AGATA;;04025320617;04025320617;VIA MARCONI (EX N.76);RECALE;CE;INFO@ALTAFORMAZIONECOMPETITOR.IT;08231541534;08231541534;292595;85592;VIA MARCONI 92 (EX 76);81020;CE;RECALE;INFO@ALTAFORMAZIONECOMPETITOR.IT;08231541534;08231541534
2446;FONDAZIONE UNIVERSITARIA DELL'UNIVERSITA' DI SALERNO;MIRAGLIA CATERINA;;04298010655;95092950658;VIA GIOVANNI PAOLO II;FISCIANO;SA;SEGRETERIA.FONDAZIONE@UNISA.IT;089969286;089969646;;949990;VIA GIOVANNI PAOLO II;84084;SA;FISCIANO;SEGRETERIA.FONDAZIONE@UNISA.IT;089969286;089969646
2448;VIRVELLE S.R.L.;VITOLO MARIO;;04404720650;04404720650;CORSO VITTORIO EMANUELE;SALERNO;SA;EROGAZIONE1@VIRVELLE.COM;089221440;0898433124;364831;85592;CORSO VITTORIO EMANUELE N. 94;84122;SA;SALERNO;EROGAZIONE1@VIRVELLE.COM;089221440;0898433124
2448;VIRVELLE S.R.L.;VITOLO MARIO;;04404720650;04404720650;CORSO VITTORIO EMANUELE;SALERNO;SA;EROGAZIONE1@VIRVELLE.COM;089221440;0898433124;364831;85592;PIAZZETTA BARRACANO N. 13;84122;SA;SALERNO;EROGAZIONE1@VIRVELLE.COM;089221440;0898433124
2448;VIRVELLE S.R.L.;VITOLO MARIO;;04404720650;04404720650;CORSO VITTORIO EMANUELE;SALERNO;SA;EROGAZIONE1@VIRVELLE.COM;089221440;0898433124;364831;85592;VIA SAN LEONARDO N. 120 - TRAV. MIGLIARO;84100;SA;SALERNO;APL@VIRVELLE.COM;089221440;0898433124
2449;I.N.F.A.P. CAMPANIA;PINTO ROSARIO;;;95213380637;VIALE EUROPA;TORRE DEL GRECO;NA;INFO@INFAPCAMPANIA.IT;08119665039;08119665039;;;VIA PARMENIDE, 8;84131;SA;SALERNO;LAVORO@INFAPCAMPANIA.IT;089331938;089331938
2449;I.N.F.A.P. CAMPANIA;PINTO ROSARIO;;;95213380637;VIALE EUROPA;TORRE DEL GRECO;NA;INFO@INFAPCAMPANIA.IT;08119665039;08119665039;;;VIALE EUROPA, 63;80059;NA;TORRE DEL GRECO;INFAPCAMPANIA@PEC.IT;3204164933;0818492643
2456;ENVIRONMENTAL ENGINEERING AND CONSULTING S.R.L.;D'ONOFRIO ANNA MARIA;;03586560611;03586560611;VIA DE FALCO;CASERTA;CE;EECO@ARUBAPEC.IT;08231540391;08231540391;255884;712021;VIA MARCONI N° 9, LOC. TORRETTA;81100;CE;CASERTA;EECO@ARUBAPEC.IT;08231540391;08231540391
2459;ACCADEMIA LEONARDO SALERNO S.R.L.;RICCELLI ROSA MARIA;;05058990655;05058990655;PIAZZA UMBERTO;SALERNO;SA;INFO@ACCADEMIALEONARDO.IT;0892582544;089255990;416148;85593;PIAZZA UMBERTO I N. 1;84121;SA;SALERNO;INFO@ACCADEMIALEONARDO.IT;0892582544;089255990
2459;ACCADEMIA LEONARDO SALERNO S.R.L.;RICCELLI ROSA MARIA;;05058990655;05058990655;PIAZZA UMBERTO;SALERNO;SA;INFO@ACCADEMIALEONARDO.IT;0892582544;089255990;416148;85593;VIA VOLONTARI DELLA LIBERTÀ, 56;84127;SA;SALERNO;ORGANIZZAZIONE.WINFORM@GMAIL.COM;0892860531;0899848742
2462;TRAINING CONSULTING SRL;D'AMBROSIO RAIMONDO;;06776991215;06776991215;RIVIERA DI CHIAIA;NAPOLI;NA;TRAININGCONSULTINGSRL@PEC.IT;0812474611;0813617854;838671;85592;VIA CAPPELLA VECCHIA 8;80121;NA;NAPOLI;INFO@TRAININGCONSULTING.IT;0812474611;0813617854
2462;TRAINING CONSULTING SRL;D'AMBROSIO RAIMONDO;;06776991215;06776991215;RIVIERA DI CHIAIA;NAPOLI;NA;TRAININGCONSULTINGSRL@PEC.IT;0812474611;0813617854;838671;85592;VIA SAN GENNARIELLO N. 4/6/8;80040;NA;POLLENA TROCCHIA;TRAININGCONSULTINGSRL@PEC.IT;0812474611;0813617854
2464;FORM RETAIL S.R.L.;ISERNIA TOMMASO;;05235291217;05235291217;PIAZZA DEI MARTIRI;NAPOLI;NA;FORMRETAIL@PEC.IT;0812474611;0813617854;741042;85592;VIA CAPPELLA VECCHIA 8;80121;NA;NAPOLI;INFO@FORMRETAIL.IT;0812474611;0813617854
2476;SOLVE CONSULTING SRL;CERRA DIEGO;;06908361212;06908361212;VIALE AUGUSTO;NAPOLI;NA;SOLVECONSULTINGSRL@LEGALMAIL.IT;0810201741;0817671062;845751;85592;VIA FERRANTE IMPARATO 495;80146;NA;NAPOLI;ILARIA.CALVINO@SOLVECONSULTING.IT;0810201741;0817671062
2496;ISIS "LUIGI DE' MEDICI";PASCALE GENNARO;;84007150638;84007150638;VIA ZABATTA;OTTAVIANO;NA;NAIS05800R@ISTRUZIONE.IT;0815294900;0815295420;;;VIA ZABATTA 19;80044;NA;OTTAVIANO;NAIS05800R@ISTRUZIONE.IT;0815293222;0815395420
2506;POWER GIOB SRL;DEL SORBO CIRO NICOLO';;07676551216;07676551216;VIA BARDASCINI;SANTA MARIA LA CARITA;NA;POWERGIOBSRL@PEC.IT;08119463497;08119463497;901614;;LARGO ROSA GAETANI ISPANI1;84050;SA;ISPANI;INFO@POWERGIOBSRL.IT;08119463497;08119463497
2506;POWER GIOB SRL;DEL SORBO CIRO NICOLO';;07676551216;07676551216;VIA BARDASCINI;SANTA MARIA LA CARITA;NA;POWERGIOBSRL@PEC.IT;08119463497;08119463497;901614;;VIA BELVEDERE 33;84091;SA;BATTIPAGLIA;INFO@POWERGIOBSRL.IT;3425592077;08119463497
2506;POWER GIOB SRL;DEL SORBO CIRO NICOLO';;07676551216;07676551216;VIA BARDASCINI;SANTA MARIA LA CARITA;NA;POWERGIOBSRL@PEC.IT;08119463497;08119463497;901614;;VIA CARLO III, PRESSO REGGIA PALACE;81020;CE;SAN NICOLA LA STRADA;INFO@POWERGIOBSRL.IT;08119463497;08119463497
2506;POWER GIOB SRL;DEL SORBO CIRO NICOLO';;07676551216;07676551216;VIA BARDASCINI;SANTA MARIA LA CARITA;NA;POWERGIOBSRL@PEC.IT;08119463497;08119463497;901614;;VIA EMANUELE GIANTURCO 92;80100;NA;NAPOLI;INFO@POWERGIOBSRL.IT;08119463497;08119463497
2506;POWER GIOB SRL;DEL SORBO CIRO NICOLO';;07676551216;07676551216;VIA BARDASCINI;SANTA MARIA LA CARITA;NA;POWERGIOBSRL@PEC.IT;08119463497;08119463497;901614;;VIA SAN LEONARDO 120 TRAVERSA MIGLIARO;80126;SA;SALERNO;INFO@POWERGIOBSRL.IT;0899950458;0899950458
2506;POWER GIOB SRL;DEL SORBO CIRO NICOLO';;07676551216;07676551216;VIA BARDASCINI;SANTA MARIA LA CARITA;NA;POWERGIOBSRL@PEC.IT;08119463497;08119463497;901614;;VIA STATALE 145, 24;80045;NA;POMPEI;POWERGIOBSRL@GMAIL.COM;08119463497;08119463497
2508;TECFOR - TECNOLOGIA E FORMAZIONE;MARCONI LUIGI;;06288610014;97538470010;CORSO TRAPANI;TORINO;TO;INFO@CONSORZIOTECFOR.IT;0115638622;0114785169;757665;;VIA LA CORTE - ZONA P.I.P. - FRAZIONE OSCATO;84085;SA;MERCATO SAN SEVERINO;INFO@CONSORZIOTECFOR.IT;089956030;089953220
2523;ASSOAPI FORMAZIONE SRL;SANTORO ANTONIO;;12836191002;12836191002;VIA GIUSEPPE GIOACHINO BELLI;ROMA;RM;ASSOAPIFORMAZIONE@PEC.IT;0632111376;0632506926;1404105;855920;VIA DUE PRINCIPATI S.S.88 LOCALITÀ CELZI;83020;AV;FORINO;ASSOAPI.SEGRETERIA@GMAIL.COM;0825782131;0825782131
2523;ASSOAPI FORMAZIONE SRL;SANTORO ANTONIO;;12836191002;12836191002;VIA GIUSEPPE GIOACHINO BELLI;ROMA;RM;ASSOAPIFORMAZIONE@PEC.IT;0632111376;0632506926;1404105;855920;VIA G.GIOACHINO BELLI, 27;00193;RM;ROMA;ASSOAPI.SEGRETERIA@GMAIL.COM;0632111376;0632506926
2538;IL CANTICO SOCIETA COOPERATIVA SOCIALE;SCIFO EMANUELE;;05414700657;05414700657;VIA COLOMBO PZ URBE SCALA B2;BATTIPAGLIA;SA;ILCANTICOCOOP@PEC.IT;0828300089;0828300089;444242;;VIA COLOMBO SNC PZ URBE SCALA B2;84091;SA;BATTIPAGLIA;SCIFOEMANUELE@LIBERO.IT;0828300089;0828300089
2570;ISTITUTO SENECA S.A.S. DI CONVERSO CLAUDIA;CONVERSO CLAUDIA;;08210511211;08210511211;VIA MILANO;NAPOLI;NA;CLACONVERSO@GMAIL.COM;0818905605;0818905605;941002;;VIA BELVEDERE, 119;81031;CE;AVERSA;DIREZIONE@ISTITUTOSENECA.COM;0815046322;0815046322
2574;BRIDGE SRL;RAIOLA ANNA;;08236621218;08236621218;VIA DOMENICO FONTANA;NAPOLI;NA;BRIDGE@ITPEC.IT;08119309749;08119736854;942781;855920;VIA DOMENICO FONTANA 135/B;80131;NA;NAPOLI;BRIDGE@ITPEC.IT;08119309749;08119736854
2574;BRIDGE SRL;RAIOLA ANNA;;08236621218;08236621218;VIA DOMENICO FONTANA;NAPOLI;NA;BRIDGE@ITPEC.IT;08119309749;08119736854;942781;855920;VIA NICOLODI;83100;AV;AVELLINO;BRIDGE@ITPEC.IT;08119309749;08119736854
2582;ISTITUTO SAN FELICE SRL;LICCIARDIELLO SANTOLO;;02580071211;02580071211;VIA SAN ROCCO;GIUGLIANO IN CAMPANIA;NA;ISTITUTOSANFELICESRL@PEC.IT;0815067820;0815067820;499012;;VIA SAN ROCCO, 58;80014;NA;GIUGLIANO IN CAMPANIA;ISTITUTOSANFELICE@LIBERO.IT;0815067820;0815067820
2583;RISAUTO SERVICE SRL UNIPERSONALE;RICCIARDI ANDREA;;04082140619;04082140619;VIA CONVENTO DELLE GRAZIE;SANTA MARIA CAPUA VETERE;CE;DARIO-RUSSO@LIBERO.IT;0818315132;0810149080;297098;773999;VIA CONVENTO DELLE GRAZIE;81055;CE;SANTA MARIA CAPUA VETERE;RISAUTOSERVICE@LIBERO.IT;3939929328;0823845109
2583;RISAUTO SERVICE SRL UNIPERSONALE;RICCIARDI ANDREA;;04082140619;04082140619;VIA CONVENTO DELLE GRAZIE;SANTA MARIA CAPUA VETERE;CE;DARIO-RUSSO@LIBERO.IT;0818315132;0810149080;297098;773999;VIA VITTORIO EMANUELE II;81055;CE;SANTA MARIA CAPUA VETERE;RISAUTOSERVICE@LIBERO.IT;0823845109;0823845109
2584;INVERSIONE DI MARCIA A.P.S.;COPPOLA ANTONIO;;04152580611;90034750613;VIA DELLA PACE;CASAL DI PRINCIPE;CE;INVERSIONEDIMARCIA@LIVE.COM;0818922450;0818922450;;;CORSO UMBERTO I N° 920;81033;CE;CASAL DI PRINCIPE;INVERSIONEDIMARCIA@LIVE.COM;0818922076;0818922076
2584;INVERSIONE DI MARCIA A.P.S.;COPPOLA ANTONIO;;04152580611;90034750613;VIA DELLA PACE;CASAL DI PRINCIPE;CE;INVERSIONEDIMARCIA@LIVE.COM;0818922450;0818922450;;;VIA DELLA PACE;81033;CE;CASAL DI PRINCIPE;INVERSIONEDIMARCIA@LIVE.COM;0818922450;0818922450
2584;INVERSIONE DI MARCIA A.P.S.;COPPOLA ANTONIO;;04152580611;90034750613;VIA DELLA PACE;CASAL DI PRINCIPE;CE;INVERSIONEDIMARCIA@LIVE.COM;0818922450;0818922450;;;VIA DELLA SAPIENZA;81030;CE;VILLA DI BRIANO;FORMAZIONE@INVERSIONEDIMARCIA.COM;0818163649;0818163649
2585;SLAB ITALIA SRL;D'ORIANO LUIGI;;11805571004;11805571004;VIA DEGLI ORSEOLO;ROMA;RM;AMMINISTRAZIONE@SLABITALIA.IT;0683393607;0683391220;1330003;855902;CORSO A. DE GASPERI 285;80053;NA;CASTELLAMMARE DI STABIA;LAVORO@SLABITALIA.IT;08119327183;0683391220
2585;SLAB ITALIA SRL;D'ORIANO LUIGI;;11805571004;11805571004;VIA DEGLI ORSEOLO;ROMA;RM;AMMINISTRAZIONE@SLABITALIA.IT;0683393607;0683391220;1330003;855902;VIA ROMA, 125;84091;SA;BATTIPAGLIA;LAVORO@SLABITALIA.IT;0828344792;0683391220
2586;GFI&PARTNERS SAS;IMBIMBO RENATO;;04178210656;04178210656;VIA SAN CLEMENTE;NOCERA SUPERIORE;SA;FORMAZIONE@GFISERVIZI.IT;0815142202;08119723389;348281;855920;VIA SAN CLEMENTE 1-3 ( EX 3-7);84015;SA;NOCERA SUPERIORE;FORMAZIONE@GFISERVIZI.IT;0815142202;08119723389
2587;IFORMA SRLS;DE ANGELIS ANIELLO;;08173291215;08173291215;VIA MARIANO RUGGIERO;META;NA;INFO@I-FORMA.IT;0818788323;0818788323;937879;;VIA MARIANO RUGGIERO 19;80062;NA;META;INFO@I-FORMA.IT;0818788323;0818788323
2588;UNISERVIZI SRL;TORTIGLIONE STEFANIA;;05518941215;05518941215;PIAZZA DEI MARTIRI;NAPOLI;NA;UNISERVIZI@PEC.IT;0815836219;0815836202;758817;702209;PIAZZA DEI MARTIRI 58;80121;NA;NAPOLI;UNISERVIZI@PEC.IT;0815836219;0815836202
2589;TM CONSULTING S.R.L.;CIOTOLA CLAUDIA;;07052751216;07052751216;VIA J. F. KENNEDY;NAPOLI;NA;TMCONSULTINGSRL@PEC.IT;0815628260;0815628527;858163;;VIA ANTINIANA 2/G IS.2;80078;NA;POZZUOLI;NAPOLI@TMCONSULTING.IT;0815628260;0815628527
2589;TM CONSULTING S.R.L.;CIOTOLA CLAUDIA;;07052751216;07052751216;VIA J. F. KENNEDY;NAPOLI;NA;TMCONSULTINGSRL@PEC.IT;0815628260;0815628527;858163;;VIA GALILEO GALILEI 17;81100;CE;CASERTA;AMMINISTRAZIONE@TMCONSULTING.IT;08231460436;08231460427
2590;J NETWORK SRL;COPPOLA MARIANNA;;08216551211;08216551211;VIA AMATO;CASTELLAMMARE DI STABIA;NA;INFO@JNETWORK.IT;0818710367;0818710367;941392;855920;VIA AMATO 13;80053;NA;CASTELLAMMARE DI STABIA;INFO@JNETWORK.IT;0818710367;0818710367
2593;GG STUDIO S.A.S.;MONNI GIULIANO;;05423861219;05423861219;VIA CESARE BATTISTI;NAPOLI;NA;SCUOLACOMICSNAPOLI@GMAIL.COM;08119570627;XXX/XXXXXXX;753227;;VIA TARSIA 44;80135;NA;NAPOLI;SCUOLACOMICSNAPOLI@GMAIL.COM;0816581016;XXXXXXXXXX
2593;GG STUDIO S.A.S.;MONNI GIULIANO;;05423861219;05423861219;VIA CESARE BATTISTI;NAPOLI;NA;SCUOLACOMICSNAPOLI@GMAIL.COM;08119570627;XXX/XXXXXXX;753227;;VIA TARSIA 44;80135;NA;NAPOLI;SCUOLACOMICSNAPOLI@GMAIL.COM;08119570627;XXXXXXXXXXX
2594;CONSORZIO OSSERVATORIO DELL'APPENNINO MERIDIONALE;RIITANO MARIAGIOVANNA;;03607980657;03607980657;VIA DELL'OSSERVATORIO;FISCIANO;SA;SEGRETERIA.APPENNINO@UNISA.IT;089964449;089968729;308000;;VIA DELL'OSSERVATORIO,1;84084;SA;FISCIANO;SEGRETERIA.APPENNINO@UNISA.IT;089964449;089968729
2595;ASSOCIAZIONE INFINITY;SICILIANO ANTONIO;;;93063890631;VIA FILICHITO;CASALNUOVO DI NAPOLI;NA;INFINITY.ASS@PEC.IT;0817519983;0817809729;;855920;VIA FILICHITO N. 25;80013;NA;CASALNUOVO DI NAPOLI;STUDIOSICILIANO@TISCALI.IT;3356290051;0817519983
2596;UNIKA  BEAUTY  S.R.L.;MORRONE GELSOMINA;;08274101214;08274101214;VIA ENRICO PESSINA;NAPOLI;NA;UNIKABEAUTYSRL@GMAIL.COM;0815494776;0815494776;944982;;VIA E. PESSINA, N. 73;80135;NA;NAPOLI;UNIKABEAUTYSRL@GMAIL.COM;0815051494;0815051494
2597;M.F.C. SECURITY & SERVICES SRLS;PEREZ DE VERO ALESSANDRA;;07435921213;07435921213;VIA CONSALVO;NAPOLI;NA;MARKETING@MFCSECURITY.COM;08118879856;08118879856;883827;A960909;VIA SCIPIONE BOBBIO 15 PARCO SAN PAOLO ISOLATO 25;80126;NA;NAPOLI;MARKETING@MFCSECURITY.COM;08118879856;08118879856
2598;CODELLA CONSULTING SAS;CODELLA ANTONIO;;02374210645;02374210645;VIA CASALENI;CALITRI;AV;CODELLACONSULTING@YAHOO.IT;082730701;0827402908;153490;702209;C/DA STRETTOLE;83045;AV;CALITRI;CODELLACONSULTING@YAHOO.IT;082730701;0827402908
2598;CODELLA CONSULTING SAS;CODELLA ANTONIO;;02374210645;02374210645;VIA CASALENI;CALITRI;AV;CODELLACONSULTING@YAHOO.IT;082730701;0827402908;153490;702209;VIA CASALENI 4;83045;AV;CALITRI;CODELLACONSULTING@YAHOO.IT;082730701;0827402908
2600;SCUOLA MODERNA A. LAMBIASE S.R.L.S.;GUARINO IDA BENEDETTA;;08228581214;08228581214;VIA DELLE FORZE ARMATE;TORRE DEL GRECO;NA;ROSYGUARINO@YAHOO.IT;0818822511;0818822511;;;VIA DELLE FORZE ARMATE N. 49;80059;NA;TORRE DEL GRECO;ROSYGUARINO@YAHOO.IT;0818822511;0818822511
2601;ASSOCIAZIONE STUDI E RICERCHE ECONOMICHE KOMPETERE;GLIELMI MICAELA;;;93037340630;VIA PRINCIPE DI PIEMONTE;CASORIA;NA;INFO@KOMPETERE.IT;0815401081;0812353945;;;VIA DON GIOVANNI MINZONI N. 17;80026;NA;CASORIA;INFO@KOMPETERE.IT;0815401081;08118896742
2602;ANBECA S.R.L.;CANER SIMONE;;02457450696;02457450696;PIAZZALE SMARGIASSI;VASTO;CH;INFO@ANBECAFORMAZIONE.IT;0873366525;08119305509;180575;;VIA NUOVA SAN LEONE, 3;80054;NA;GRAGNANO;PROGETTAZIONE@CONSORZIOMATRIX.IT;0818011753;08119305509
2603;SOCIAL SOCIETÀ COOPERATIVA;TUBEROSA GIOVANNI;;03961860610;03961860610;CORSO ATELLA;SUCCIVO;CE;SOCIAL.SOCCOOP@GMAIL.COM;3477111914;0815021604;287523;85592;CORSO ATELLA, 5;81030;CE;SUCCIVO;SOCIAL.SOCCOOP@GMAIL.COM;0815021957;0815021957
2605;FONDAZIONE DI COMUNITÀ DEL CENTRO STORICO DI NAPOLI ONLUS;GIANNOLA ADRIANO;;;95130790637;VIA DEI TRIBUNALI C/O PIO MONTE DELLA MISERICORDIA;NAPOLI;NA;INFO@FONDCOMNAPOLI.IT;0814201125;0814201125;;;VIA BENEDETTO BRIN, 2;80142;NA;NAPOLI;INFO@FONDCOMNAPOLI.IT;0817349070;0817349070
2605;FONDAZIONE DI COMUNITÀ DEL CENTRO STORICO DI NAPOLI ONLUS;GIANNOLA ADRIANO;;;95130790637;VIA DEI TRIBUNALI C/O PIO MONTE DELLA MISERICORDIA;NAPOLI;NA;INFO@FONDCOMNAPOLI.IT;0814201125;0814201125;;;VIA DEI TRIBUNALI C/O PIO MONTE DELLA MISERICORDIA;80139;NA;NAPOLI;INFO@FONDCOMNAPOLI.IT;0814201125;0814201125
2606;4 M.A.N. CONSULTING S.R.L.;CASTALDO ROBERTO;;06900501211;06900501211;VIA CASTELLAMMARE;GRAGNANO;NA;INFO@4MANCONS.IT;0810152550;08119308448;847914;;VIA FERRANTE IMPARATO 495;80146;NA;NAPOLI;INFO@4MANCONS.IT;0810152550;08119308448
2607;ASSOCIAZIONE DI PROMOZIONE SOCIALE CARPE DIEM;DI DIO ADA;;;92056110627;VIA SAN GENNARO;BENEVENTO;BN;APSCARPEDIEM@PEC.IT;0824482221;0824482221;;;VIA SAN GENNARO, 6;82100;BN;BENEVENTO;ASSCARPEDIEM2012@LIBERO.IT;0824422221;0824422221
2608;SAV S.R.L.;AMOROSO GIUSEPPE;;05180420654;05180420654;VIA COL. L.. DE BARTOLOMEIS;SALERNO;SA;INFO@KENNEDYAVELLINO.IT;0825780564;0825780564;426126;;VIA CIRCUMVALLAZIONE 13;83100;AV;AVELLINO;INFO@KENNEDYAVELLINO.IT;0825780564;08251882602
2610;CONGREGAZIONE DISCEPOLE DI SANTA TERESA DEL BAMBINO GESÙ;CASO MARIA DOMENICA;;01437550633;01437550633;CORSO CAMPANO;QUALIANO;NA;ACCADEMIADELLAMODA.NAPOLI@GMAIL.COM;0819757624;0819757624;;;CORSO CAMPANO, 19;80019;NA;QUALIANO;ACCADEMIADELLAMODA.NAPOLI@GMAIL.COM;0819757624;0819757624
2611;DNASSOCIATI SAS DI MARIANO DE NINNO & C.;DE NINNO MARIANO;;06933221217;06933221217;VIA PRIMO LEVI;NAPOLI;NA;MARIANO.DENINNO@DNASSOCIATI.NET;08119177721;08119177721;849562;063049;VIA FILIPPO PALIZZI 91;80127;NA;NAPOLI;MARIANO.DENINNO@DNASSOCIATI.NET;08119177721;08119177721
2611;DNASSOCIATI SAS DI MARIANO DE NINNO & C.;DE NINNO MARIANO;;06933221217;06933221217;VIA PRIMO LEVI;NAPOLI;NA;MARIANO.DENINNO@DNASSOCIATI.NET;08119177721;08119177721;849562;063049;VIA PRIMO LEVI 105;80126;NA;NAPOLI;MARIANO.DENINNO@DNASSOCIATI.NET;08119177721;08119177721
2612;ASSOCIAZIONE SICUR CONSULES;ESPOSITO GENNARO;;05373520658;05373520658;VIA SABATO VISCO;SALERNO;SA;INFOAISEF@VIRGILIO.IT;089335379;089335379;;;VIA SABATO VISCO,12;84100;SA;SALERNO;INFOAISEF@VIRGILIO.IT;089335379;089335379
2614;OPENJOBMETIS SPA AGENZIA PER IL LAVORO;RASIZZA ROSARIO;;13343690155;13343690155;VIA G. FARA;MILANO;MI;GARE@OPENJOB.IT;0331211501;0331243436;1641225;;VIA G. FARA, 35;20124;MI;MILANO;GARE@OPENJOB.IT;0331211501;0331243436
2615;FORMACERT;VENANZONI DIEGO;;04140780612;90042240615;AREA ASI VIA CONSORTILE;CARINARO;CE;FORMACERT.IT@GMAIL.COM;08231607920;08231607920;;;AREA ASI VIA CONSORTILE SNC;81032;CE;CARINARO;INFO@FORMACERT.IT;08231607920;08231607920
2616;ARCHÈ SRLS;TOSCANO VINCENZA;;08339531215;08339531215;VIA ARCORA PARCO GECOS;;NA;ARCHESRLS@LEGALMAIL.IT;0815228056;0810106367;949980;;G. GALILEI, 1 BIS;80030;NA;MARIGLIANELLA;INFO@ARCHESERVIZI.IT;0810155502;0810155502
2616;ARCHÈ SRLS;TOSCANO VINCENZA;;08339531215;08339531215;VIA ARCORA PARCO GECOS;;NA;ARCHESRLS@LEGALMAIL.IT;0815228056;0810106367;949980;;VIA ARCORA, 110 PARCO GECOS;80013;NA;CASALNUOVO DI NAPOLI;ARCHESRLS@LEGALMAIL.IT;0815228056;0810106367
2616;ARCHÈ SRLS;TOSCANO VINCENZA;;08339531215;08339531215;VIA ARCORA PARCO GECOS;;NA;ARCHESRLS@LEGALMAIL.IT;0815228056;0810106367;949980;;VIA NICOLODI, 27;83010;AV;AVELLINO;ARCHESRLS@LEGALMAIL.IT;0815228056;0810106367
2617;ASSOCIAZIONE PRO LOCO GIFFONI VALLE PIANA;MANCINO CLAUDIO;;;95006870653;VIA SAN FRANCESCO;GIFFONI VALLE PIANA;SA;PROLOCOGVP@VIRGILIO.IT;089865218;089865218;;;VIA SAN FRANCESCO 50;84095;SA;GIFFONI VALLE PIANA;PROLOCOGVP@VIRGILIO.IT;089865218;089865218
2618;ARTES SRL;MELE GIOVANNA;;08338701215;08338701215;VIA PAOLO DELLA VALLE;NAPOLI;NA;NICOLACARILLO51@GMAIL.COM;0817662566;0817281862;950186;855920;NAPOLI - VIA DEPRETIS, 114;80133;NA;NAPOLI;FORMAZIONEARTES@GMAIL.COM;0815514126;0815514126
2619;ALMA LABORIS S.R.L.;NUMEROSO DARIO;;04460740659;04460740659;VIA NAZIONALE;PAGANI;SA;ALMALABORIS@LEGALMAIL.IT;0815157300;0815157300;368664;855920;VIA NAZIONALE 43;84016;SA;PAGANI;GIULIANA.GAUDIOSI@ALMALABORIS.IT;0815157300;0810112180
2620;TRADE SRL;LIGUORI GIOVANNI;;;03481170656;VIA VELIA;SALERNO;SA;FLY_GIOVANNI@ALICE.IT;089251301;089251301;;;CORSO VITTORIO EMNUELE;84121;SA;SALERNO;FLY_GIOVANNI@ALICE.IT;089251301;089251301
2621;BEAUTY SCHOOL - S.R.L.;LOMBARDI GIUSEPPE;;05483360656;05483360656;VIA GROTTI CAMPO;NOCERA SUPERIORE;SA;BEAUTYSCHOOL.BS@LIBERO.IT;0813428517;0813428517;449284;855920;VIA CUPA MASTROGENNARO , 13;84012;SA;ANGRI;BEAUTYSCHOOL.BS@LIBERO.IT;0813428517;0813428517
2621;BEAUTY SCHOOL - S.R.L.;LOMBARDI GIUSEPPE;;05483360656;05483360656;VIA GROTTI CAMPO;NOCERA SUPERIORE;SA;BEAUTYSCHOOL.BS@LIBERO.IT;0813428517;0813428517;449284;855920;VIA GROTTI CAMPO;84014;SA;NOCERA SUPERIORE;GIUSEPPEMAIL2010@LIBERO.IT;0813428517;0813428517
2622;PROFESSIONAL ADR S.R.L.;SCHIAVONE LUIGI;;03661660617;03661660617;VIA TRABUCCO;AVERSA;CE;LSCHIAVONE70@VIRGILIO.IT;0818150090;0818150090;262049;749099;VIA DELLA PACE;81033;CE;CASAL DI PRINCIPE;LSCHIAVONE70@VIRGILIO.IT;0818922450;0818922450
2622;PROFESSIONAL ADR S.R.L.;SCHIAVONE LUIGI;;03661660617;03661660617;VIA TRABUCCO;AVERSA;CE;LSCHIAVONE70@VIRGILIO.IT;0818150090;0818150090;262049;749099;VIA SANTA MARIA DI COSTANTINOPOLI ALLE MOSCHE N°41;80142;NA;NAPOLI;LSCHIAVONE70@VIRGILIO.IT;0818150090;0818150090
2622;PROFESSIONAL ADR S.R.L.;SCHIAVONE LUIGI;;03661660617;03661660617;VIA TRABUCCO;AVERSA;CE;LSCHIAVONE70@VIRGILIO.IT;0818150090;0818150090;262049;749099;VIA TRABUCCO 7;81031;CE;AVERSA;LSCHIAVONE70@VIRGILIO.IT;0818150090;0818150090
2623;CDG NAPOLI SRL;SALERNO LUIGI;;05529161217;05529161217;VIA BOSCOFANGONE;NOLA;NA;GUSTO@PEC.IT;0813119801;0813119814;760235;855920;VIA BOSCOFANGONE;80035;NA;NOLA;EVENTI.NA@CITTADELGUSTO.IT;0813119800;0813119814
2624;SMA CAMPANIA;SCOGNAMIGLIO RAFFAELE;;;07788680630;CENTRO DIREZIONALE ISOLA E7 - PIANO 6;NAPOLI;NA;MAFFINITO@SMACAMPANIA.IT;0815624560;0815624517;;;CENTRO DIREZIONALE ISOLA E7;80143;NA;NAPOLI;MAFFINITO@SMACAMPANIA.IT;0815624560;0815624517
2625;SOCIETA' COOPERATIVA SOCIALE RAGGIO DI SOLE - ONLUS;CANDELA ALESSANDRA;;05845721215;05845721215;VIA MORANDI;AFRAGOLA;NA;RAGGIODISOLE111@VIRGILIO.IT;0818523562;0818518324;779716;;VIA MORANDI N. 7;80021;NA;AFRAGOLA;RAGGIODISOLE.COOP@PEC.IT;081.198.08.396;081015.32.25
2628;ANBECA S.A.S. DI MAZZA CARMINE;MAZZA CARMINE;;05287910656;05287910656;VIA C. BATTISTI;BELLOSGUARDO;SA;TONYJOB24@GMAIL.COM;0828965083;0828965083;434625;856009;VIALE R. WAGNER 1K;84131;SA;SALERNO;INFO@ANBECA.IT;3925005086;0899431536
2628;ANBECA S.A.S. DI MAZZA CARMINE;MAZZA CARMINE;;05287910656;05287910656;VIA C. BATTISTI;BELLOSGUARDO;SA;TONYJOB24@GMAIL.COM;0828965083;0828965083;434625;856009;VIALE WAGNER 1;84131;SA;SALERNO;TONYJOB24@GMAIL.COM;3925005086;0899431536
2629;ATM SRL;POZZI ANGELA;;05159211217;05159211217;VIA S. PASQUALE A CHIAIA;;NA;FEOLA.CSISRL@VIRGILIO.IT;0819799342;0819799328;737162;;ZONA IND.LE ASI STAB. 15;81030;CE;GRICIGNANO DI AVERSA;FEOLA.CSISIRL@VIRGILIO.IT;0819799342;0819799328
2631;CONSORZIO MATRIX;CANER SIMONE;;06390101217;06390101217;VIA NUOVA SAN LEONE;GRAGNANO;NA;INFO@CONSORZIOMATRIX.IT;0818011753;08119305509;812704;;VIA NUOVA SAN LEONE 3;80054;NA;GRAGNANO;INFO@CONSORZIOMATRIX.IT;08118658076;08119305509
2631;CONSORZIO MATRIX;CANER SIMONE;;06390101217;06390101217;VIA NUOVA SAN LEONE;GRAGNANO;NA;INFO@CONSORZIOMATRIX.IT;0818011753;08119305509;812704;;VIA NUOVA SAN LEONE, 3;80054;NA;GRAGNANO;INFO@CONSORZIOMATRIX.IT;0818011753;08119305509
2632;ASSOCIAZIONE CULTURALE "TERRE BLU";COPPOLA GIUSEPPE;;;93092760615;VIA SAN NICOLA;CASERTA;CE;GIUSEPPECOPPOLA58@LIBERO.IT;08231550229;08231550229;;;VIA SAN NICOLA 27;81100;CE;CASERTA;GIUSEPPECOPPOLA58@LIBERO.IT;08231550229;08231550229
2633;CONFSAL FISALS;PALMERI FILIPPO;;13774871001;97383450588;PIAZZA DI VILLA CARPEGNA;ROMA;RM;FILIPPO.PALMERI@FESICA.IT;0444563388;0444163868;;;PIAZZA DI VILLA CARPEGNA;00168;RM;ROMA;SEGRETERIA@CONFSALFISALS.IT;0444563388;0444563388
2634;FESICA CONFSAL CASERTA;INVERNO PASQUALE;;;90034370610;VIA GIOTTO;AVERSA;CE;FESICACASERTA@LIBERO.IT;3478020284;0810124315;;942000;VIA GIOTTO 45;81031;CE;AVERSA;FATO@INWIND.IT;3478020284;0810124315
2636;FORMALINE CONTRACT S.R.L;CARRATU' FRANCESCA;;08344251213;08344251213;VIA DANTE;NAPOLI;NA;FORMALINECONTRACT@PEC.TEAM-SERVICE.IT;0810000000;0810000000;951369;;VIA G. PORZIO CENTRO DIREZIONALE ISOLA F11 PIANO 2 INTERNO 26/27;80143;NA;NAPOLI;FORMALINECONTRACT@PEC.TEAM-SERVICE.IT;08119361882;08119361882
2639;AGR CONSULTING SRL;IANNIELLO ANIELLO;;05436010655;05436010655;VIA CARMINE TURCO;BATTIPAGLIA;SA;AGRCONSULTING@PEC.IT;0828212403;0828212403;445776;;VIA CARMINE TURCO 4;84091;SA;BATTIPAGLIA;STUDIOCONSULENZAIANNIELLO@GMAIL.COM;0828371454;0828371454
2640;IPSEOA R. VIRTUOSO;CASABURI GIANFRANCO;;;80023120654;VIA S. CALENDA;SALERNO;SA;SARH010009@ISTRUZIONE.IT;089254785;089254853;;;VIA S. CALENDA,6;84135;SA;SALERNO;SARH010009@ISTRUZIONE.IT;089254785;089254853
2642;PRO_MUOVERE APS;LUCE ENRICO;;;92074780641;VIA ALFREDO AMATUCCI;AVELLINO;AV;PROMUOVEREAPS@GMAIL.COM;08251912228;08251912228;;949990;VIA PESCATORI 117;83100;AV;AVELLINO;PROMUOVEREAPS@GMAIL.COM;08251912228;08251912228
2643;ISTITUTO PARITARIO NIEVO;MARCHESE MARIO;;;08022531217;PIAZZA SAN GIOVANNI;ROCCARAINOLA;NA;SEGRETERIA@ISTITUTOPARITARIONIEVO.IT;0818293396;0818293396;;;PIAZZA SAN GIOVANNI;80030;NA;ROCCARAINOLA;SEGRETERIA@ISTITUTOPARITARIONIEVO.IT;0818293396;0818293396
2646;ISCO ADR SRL;PIROZZI GENNARO;;02707270647;9207181649;VIA BELLI;ATRIPALDA;AV;ML@VIABELLI.IT;0825610360;0825627668;;85592;VIA ALFREDO NOBEL NR. 2;81031;CE;AVERSA;IDEEAZIONEIMPRES@TIN.IT;081 502 0077;0815020077
2646;ISCO ADR SRL;PIROZZI GENNARO;;02707270647;9207181649;VIA BELLI;ATRIPALDA;AV;ML@VIABELLI.IT;0825610360;0825627668;;85592;VIA BELLI 47;83042;AV;ATRIPALDA;ML@VIABELLI.IT;0825610330;0825627668
2646;ISCO ADR SRL;PIROZZI GENNARO;;02707270647;9207181649;VIA BELLI;ATRIPALDA;AV;ML@VIABELLI.IT;0825610360;0825627668;;85592;VIA COPERNICO 53 BELLIZZI (SA);84092;SA;BELLIZZI;BELLIZZI.SA@ISCOAPL.IT;848849850;0825627668
2646;ISCO ADR SRL;PIROZZI GENNARO;;02707270647;9207181649;VIA BELLI;ATRIPALDA;AV;ML@VIABELLI.IT;0825610360;0825627668;;85592;VIA DEI LONGOBARDI;84100;BN;BENEVENTO;AVVOCATOVERNILLO@ALICE.IT;082450638;082450638
2646;ISCO ADR SRL;PIROZZI GENNARO;;02707270647;9207181649;VIA BELLI;ATRIPALDA;AV;ML@VIABELLI.IT;0825610360;0825627668;;85592;VIA FIORETTI NR. 2;83100;AV;AVELLINO;ML@VIABELLI.IT;0825784212;0825784212
2646;ISCO ADR SRL;PIROZZI GENNARO;;02707270647;9207181649;VIA BELLI;ATRIPALDA;AV;ML@VIABELLI.IT;0825610360;0825627668;;85592;VIA TOLEDO, 156;80120;NA;NAPOLI;AVVFABRIZIOFERRIGNO@VIRGILIO.IT;0815520383;0815520383
2646;ISCO ADR SRL;PIROZZI GENNARO;;02707270647;9207181649;VIA BELLI;ATRIPALDA;AV;ML@VIABELLI.IT;0825610360;0825627668;;85592;VIA TORANA, SNC;83031;AV;ARIANO IRPINO;FORMAZIONE@VIABELLI.IT;0825610330;0825627668
2647;FORMATOUR S.R.L.;MATALUNA GIUSEPPE DAVIDE;;04033380611;04033380611;VIA CAMPO;CASERTA;CE;FORMATOURSRL@GMAIL.COM;08231849200;08231849200;292942;;VIA DE FRANCISCIS 28;81100;CE;CASERTA;FORMATOURSRL@GMAIL.COM;08231849200;08231849200
2648;CENTRO SCOLASTICO SAN FRANCESCO;CAVALIERE CARMELA;;07797641219;07797641219;VIA G. IMBRODA;NOLA;NA;CENTROSCOLASTICO.SAN@LIBERO.IT;0815111824;0815111824;910547;8532;VIA SAN SILVESTRO 27;83027;AV;MUGNANO DEL CARDINALE;CENTROSCOLASTICO.SAN@LIBERO.IT;0815111824;0815111824
2649;SMARTJOB SPA;DI DONATO GIUSEPPE;;08237991214;08237991214;VIA VOLPICELLA 344;NAPOLI;NA;SMARTJOBSPA@GMAIL.COM;0823216513;08231760513;942649;78;VIA ALMERICO MEO MARTINI 80;82100;BN;BENEVENTO;LINO.FISCARELLI@SMARTJOBSPA.IT;082429845;0824351699
2649;SMARTJOB SPA;DI DONATO GIUSEPPE;;08237991214;08237991214;VIA VOLPICELLA 344;NAPOLI;NA;SMARTJOBSPA@GMAIL.COM;0823216513;08231760513;942649;78;VIA G.PORZIO CENTRO DIREZIONALE ISOLA G.1;80143;NA;NAPOLI;NAPOLI@SMARTJOBSPA.IT;0816337905;0816337905
2649;SMARTJOB SPA;DI DONATO GIUSEPPE;;08237991214;08237991214;VIA VOLPICELLA 344;NAPOLI;NA;SMARTJOBSPA@GMAIL.COM;0823216513;08231760513;942649;78;VIA MICHELANGELO DIANA;81036;CE;SAN CIPRIANO D'AVERSA;DIRETTOREGENERALE@SMARTJOBSPA.IT;0818122784;0823216513
2649;SMARTJOB SPA;DI DONATO GIUSEPPE;;08237991214;08237991214;VIA VOLPICELLA 344;NAPOLI;NA;SMARTJOBSPA@GMAIL.COM;0823216513;08231760513;942649;78;VIA VOLPICELLA 344;80147;NA;NAPOLI;SMARTJOBSPA@GMAIL.COM;0823216513;08231760513
2649;SMARTJOB SPA;DI DONATO GIUSEPPE;;08237991214;08237991214;VIA VOLPICELLA 344;NAPOLI;NA;SMARTJOBSPA@GMAIL.COM;0823216513;08231760513;942649;78;VIALE LAMBERTI;81100;CE;CASERTA;SMARTJOBSPA@GMAIL.COM;0823216513;08231760513
2650;S.D.N. SPA;TEDESCHI FABIO;;;01288650631;VIA CRISPI;NAPOLI;NA;DIREZIONESCIENTIFICA@SDN-NAPOLI.IT;0812408470;081668841;;;VIA GALILEO FERRARIS, 144;80146;NA;NAPOLI;DIREZIONESCIENTIFICA@SDN-NAPOLI.IT;0812408470;081668841
2651;SKILLS CONSULTING SRL;SCAFURI ALFONSO;;05152490651;05152490651;VIA ALDO MORO;BARONISSI;SA;INFO@SKILLSCONSULTING.IT;089956030;089956030;423821;855920;VIA ALDO MORO SNC;84084;SA;BARONISSI;INFO@SKILLSCONSULTING.IT;089956030;089956030
2652;GIOVANI PER L'EUROPA ONLUS;BARILE COSTANZA;;;93086560617;VIA LIGURIA;;;GIOVANIPERLEUROPA1@LIBERO.IT;3470940322;0823281187;;;VIA EINAUDI SS 87 KM 20.700;81025;CE;MARCIANISE;GIOVANIPERLEUROPA@PEC.IT;XX;XX
2652;GIOVANI PER L'EUROPA ONLUS;BARILE COSTANZA;;;93086560617;VIA LIGURIA;;;GIOVANIPERLEUROPA1@LIBERO.IT;3470940322;0823281187;;;VIA MAZZINI, 55;81100;CE;CASERTA;GIOVANIPERLEUROPA1@LIBERO.IT;3398321714;0823281187
2653;TECNO AMBIENTE S.R.L.;VIOLA SABRINA;;01068590627;01068590627;VIA TOMAMSO BUCCIANO;BENEVENTO;BN;INFO@TECNOAMBIENTESRL.COM;0824364094;0824360095;;;S.S. APPIA 7 KM 256;82030;BN;APOLLOSA;INFO@TECNOAMBIENTESRL.COM;0824364094;0824360095
2654;SCHOLA ST FERDINANDI;TROISI NICOLA;;;94073470653;VIA ABIGNENTE;SARNO;SA;SANFERDINANDI@GMAIL.COM;0819681144;0819681144;;;VIA ABIGNENTE;84087;SA;SARNO;SANFERDINANDI@GMAIL.COM;0819681144;0819681144
2655;SIF SAS DI AVRAMOVA IVA PETROVA & C.;AVRAMOVA IVA PETROVA;;;08089391216;VIA PIETRO NENN;;;INFO@SCUOLAITALIANAFORMAZIONE.IT;0817451278;0817451278;;;VIA PIETRO NENNI, 28;80018;NA;MUGNANO DI NAPOLI;INFO@SCUOLAITALIANAFORMAZIONE.IT;0817451278;0817451278
2656;GRUPPO LOMBARDO SRL;SCOGNAMIGLIO STEFANIA;;08151421214;08151421214;P.TTA SETTEMBRINI;NAPOLI;NA;S.SCOGNAMIGLIO@GRUPPOLOMBARDO.EU;08119579388;08119308184;936270;;P.TTA SETTEMBRINI, 12;80139;NA;NAPOLI;S.SCOGNAMIGLIO@GRUPPOLOMBARDO.EU;08119579388;08119308184
2656;GRUPPO LOMBARDO SRL;SCOGNAMIGLIO STEFANIA;;08151421214;08151421214;P.TTA SETTEMBRINI;NAPOLI;NA;S.SCOGNAMIGLIO@GRUPPOLOMBARDO.EU;08119579388;08119308184;936270;;PIANO ALVANELLA;83024;AV;MONTEFORTE IRPINO;S.SCOGNAMIGLIO@GRUPPOLOMBARDO.EU;08119579388;08119308184
2657;DOCEO S.R.L.S;PAGLIARO ROSA;;03951640618;03951640618;VIA NAPOLI;TEVEROLA;CE;DOCEO2015@LIBERO.IT;08231542838;08231542838;286348;;VIA NAZIONALE APPIA , 5- CASAPULLA;81020;CE;CASAPULLA;DOCEO2015@LIBERO.IT;08231542838;08231542838
2658;CENTRO FORMAZIONE PI. MA. S.R.L. - IMPRESA SOCIALE;SAVIANO GIUSEPPINA;;08363671218;08363671218;VIA CICERONE;FRATTAMAGGIORE;NA;CENTROPIMASRL@PEC.IT;0815404454;0817580332;952172;;VIA CICERONE, 11;80027;NA;FRATTAMAGGIORE;FORMAZIONE.PIMA@LIBERO.IT;0818309259;0818309259
2659;ASSOCIAZIONE PRO.FORM.;CELATO ANGELA;;;90042760612;VIA ATELLANA;AVERSA;CE;PRO.FORM2016@LIBERO.IT;0815016235;0815016235;;;VIA ATELLANA;81031;CE;AVERSA;PRO.FORM2016@LIBERO.IT;0815016235;0815016235
2661;THE MAKE UP ARTIST SCHOOL DI MONICA ROBUSTELLI;ROBUSTELLI MONICA;;06578881218;RBSMNC78A51I438V;VIA F.IMPARATO;NAPOLI;NA;CICALA@LIBERO.IT;0817521644;0817521644;902314;855920;VIA F. IMPARATO;80146;NA;NAPOLI;CICALA@LIBERO.IT;0817521644;0817521644
2662;ADECCO FORMAZIONE S.R.L.;PANCALDI ROBERTO;;;13081080155;VIA TOLMEZZO;MILANO;MI;ANDREA.PAGANIZZA@ADECCO.IT;0288142662;0288142800;1612792;855920;VILLA COMUNALE N. 15;80059;NA;TORRE DEL GRECO;ADECCOTRAINING.NAPOLI@ADECCO.IT;081;081
2664;ARTEMIDE - SOCIETÀ COOPERATIVA SOCIALE ONLUS;ABATE STEFANIA;;04157180615;04157180615;VIA SAN LORENZO;AVERSA;CE;ARTEMIDESOCIETACOOPERATIVASOCIALEONLUS@PEC.IT;0818908403;0818908403;303243;;VIA MADONNA DELL'OLIO N. 201;81031;CE;AVERSA;ARTEMIDESOCIETACOOPERATIVASOCIALEONLUS@PEC.IT;0818908403;0818908403
2665;CODIME ACADEMY SRLS;CANGIANO GIANCARLO;;08419761211;08419761211;CORSO NOVARA;NAPOLI;NA;CODIMEACADEMY@PEC.IT;0812428541;0815707447;956408;;CORSO NOVARA 10;80142;NA;NAPOLI;INFO@CODIME.COM;3318822634;3318822634
2666;LP FORMAZIONE PROFESSIONALE S.R.L.S.;DI PALMA ROSARIA;;08308391211;08308391211;STRADA STATALE SANNITICA 87 KM 9+600;CAIVANO;NA;INFO@GAMAXACADEMY.IT;0818349559;0818349559;;;STRADA STATALE SANNITICA 87 KM 9+600;80023;NA;CAIVANO;INFO@GAMAXACADEMY.IT;0818349559;0818349559
2666;LP FORMAZIONE PROFESSIONALE S.R.L.S.;DI PALMA ROSARIA;;08308391211;08308391211;STRADA STATALE SANNITICA 87 KM 9+600;CAIVANO;NA;INFO@GAMAXACADEMY.IT;0818349559;0818349559;;;VIA APPIA SNC;80014;NA;GIUGLIANO IN CAMPANIA;INFO@GAMAXACADEMY.IT;0818349559;0818349559
2667;ITINERA SOCIATA' COOPERATIVA;BOGETTI ROBERTO DOMENICO;;08417311217;08417311217;VIA PAVIA;NAPOLI;NA;ITINERASOCIETACOOPERATIVA@PEC.IT;0815540590;0815540882;956189;855920;VIA FULVIO RENELLA N°32;81100;CE;CASERTA;ITINERASOCIETACOOPERATIVA@PEC.IT;0815540590;0815540882
2667;ITINERA SOCIATA' COOPERATIVA;BOGETTI ROBERTO DOMENICO;;08417311217;08417311217;VIA PAVIA;NAPOLI;NA;ITINERASOCIETACOOPERATIVA@PEC.IT;0815540590;0815540882;956189;855920;VIA PAVIA N°16;80143;NA;NAPOLI;ITINERASOCIETACOOPERATIVA@PEC.IT;0815540590;0815540882
2669;MAS;MOSCATO MARIA ANTONINA;;;92017000641;VIA GODELMO;SALA CONSILINA;SA;ANTONINA.MOSCATO@GMAIL.COM;339 773 8972;339 773 8972;;;VIA GODELMO P.ZZO ESEDRA;84036;SA;SALA CONSILINA;ANTONINA.MOSCATO@GMAIL.COM;097522291;097522291
2669;MAS;MOSCATO MARIA ANTONINA;;;92017000641;VIA GODELMO;SALA CONSILINA;SA;ANTONINA.MOSCATO@GMAIL.COM;339 773 8972;339 773 8972;;;VIA MACCHIA MEZZANA, 20;84038;SA;SASSANO;INFO@CENTROSTUDIMAS.COM;097522291;097522291
2670;LICEO STATALE GIUSEPPE MAZZINI;SANNA GIANFRANCO;;;80025280639;VIA SOLIMENA;NAPOLI;NA;NAPM02000R@ISTRUZIONE.IT;0815788575;0815788575;;;VIA SOLIMENA 62;80129;NA;NAPOLI;NAPM02000R@ISTRUZIONE.IT;0815788575;0815788575
2671;LICEO STATALE G. VICO;PAISIO MARIA CLOTILDE;;;80026400632;VIA SALVATOR ROSA;NAPOLI;NA;NAPC09000V@ISTRUZIONE.IT;0815448652;0819636643;;;VIA SALVATOR ROSA 117;80136;NA;NAPOLI;NAPC09000V@ISTRUZIONE.IT;0815448652;0819636643
2672;L.E.S.S. - CENTRO STUDI E INIZIATIVE DI LOTTA ALL'ESCLUSIONE SOCIALE PER LO SVILUPPO DEL MEZZOGIORNO D'ITALIA - IMPRESA SOCIALE ONLUS;VISCONTI MARIKA;;05478121212;94195150639;CORSO GARIBALDI, 261 – 80139 NAPOLI;NAPOLI;NA;INFO@LESSIMPRESASOCIALE.IT;+39 081455270;+39 08119512796;915301;94;VIA FIUMICELLO A LORETO, 7;80142;NA;NAPOLI;INFO@LESSIMPRESASOCIALE.IT;081455270;08119512796
2673;ACCADEMIA DELLA TECNICA SRL;CICIRIELLO RICCARDO;;05242990652;05242990652;VIA IRNO;PONTECAGNANO FAIANO;SA;FORMAZIONE@ACCADEMIATECNICA.IT;089848601;089848741;431099;855920;VIA IRNO SNC;84098;SA;PONTECAGNANO FAIANO;FORMAZIONE@ACCADEMIATECNICA.IT;089848601;089848741
2674;CENTRO STUDI BOETHOS;FAIELLA DARIO;;;91052340659;VIA G. CARDUCCI;PALOMONTE;SA;CENTROSTUDIBOETHOS@GMAIL.COM;0828997539;0828997539;;;VIA G. CARDUCCI;84020;SA;PALOMONTE;CENTROSTUDIBOETHOS@GMAIL.COM;0828997539;0828997539
2675;ISTITUTO PILOTA SRL;DE SIO PIETRO NICOLA;;00802510768;00802510768;VIA SICILIA;POTENZA;PZ;ISTITUTOPILOTA@ISTITUTOPILOTA.IT;0971263111;0971263131;64801;85592;PIAZZA PLEBISCITO;83030;AV;TAURASI;ISTITUTOPILOTA@ISTITUTOPILOTA.IT;3355961155;0971263131
2675;ISTITUTO PILOTA SRL;DE SIO PIETRO NICOLA;;00802510768;00802510768;VIA SICILIA;POTENZA;PZ;ISTITUTOPILOTA@ISTITUTOPILOTA.IT;0971263111;0971263131;64801;85592;VIA SALITA MAZZIOTTI;84068;SA;POLLICA;ISTITUTOPILOTA@ISTITUTOPILOTA.IT;0974901004;0974901422
2677;SCUOLA ALTA FORMAZIONE S.R.L.;FILICE RENATO;;05362500653;05362500653;VIA VERCELLI;BATTIPAGLIA;SA;INFO@SAFORMAZIONE.IT;0828371134;0828371134;439891;853209;VIA VERCELLI 8;84091;SA;BATTIPAGLIA;IDIREZIONE@SAFORMAZIONE.IT;0828371134;0828371134
2678;ENGITECH SRL;GUADAGNI SALVATORE;;04832791216;04832791216;CORSO NOVARA;NAPOLI;NA;INFO@ENGITECHSRL.IT;0813296876;0818440621;716992;;VIA ROMA;80038;NA;POMIGLIANO D ARCO;INFO@ENGITECHSRL.IT;0813296876;0818440621
2679;FONDAZIONE EUROPEAN BIOMEDICAL RESEARCH INSTITUTE OF SALERNO (EBRIS);FASANO ALESSIO;;05161950653;05161950653;VIA DE RENZI;SALERNO;SA;INFO@EBRIS.EU;089233463;089233463;;;VIA DE RENZI 1;84125;SA;SALERNO;INFO@EBRIS.EU;089233463;089233463
2681;BLUEZONE SRLS;CAPEZZUTO GIUSEPPE;;05466050654;05466050654;VIA XX SETTEMBRE 1870;SALERNO;SA;BLUEZONESRLS@GMAIL.COM;0892965713;0892965713;447988;85592;VIA PROVINCIALE 11, N. 58;84044;SA;ALBANELLA;BLUEZONESRLS@GMAIL.COM;0892965713;0892965713
2682;JOB GROUP SRL;RUGGIERO AMALIA;;;11497290012;VIA ROBERT BADEN-POWELL;MONCALIERI;TO;EAN_CONSULTING@YAHOO.IT;0823712938;0823712938;1217748;782000;VIA MONTICELLO 12;82011;BN;AIROLA;AMMINISTRAZIONE@JOBGROUPSRL.COM;0823714371;0823714371
2683;2 POWER S.R.L.;DIANA GIACOMO;;03643400611;03643400611;VIALE EUROPA;AVERSA;CE;DIREZIONETECNICA2P@GMAIL.COM;0815041274;08231780111;260459;85592;VIALE EUROPA 314;81031;CE;AVERSA;DIREZIONETECNICA2P@GMAIL.COM;0815041274;08231780111
2685;LASPED ENGINEERING SERVICE S.R.L.;ALOIA LEONARDO;;05115460650;05115460650;VIA UGO FOSCOLO;CAVA DE  TIRRENI;SA;FORMAZIONE.LASPED@GMAIL.COM;3271798820;0892963687;420864;;VIA UGO FOSCOLO N.1;84013;SA;CAVA DE  TIRRENI;FORMAZIONE.LASPED@GMAIL.COM;3271798820;0892963687
2686;FOSAPA - FORMAZIONE SALERNITANA PER LA PUBBLICA AMMINISTRAZIONE S.R.L.;CASALE PATRIZIA;;04224320657;04224320657;VIA GAETANO AMALFI;TEGGIANO;SA;FOSAPA@TISCALI.IT;097579074;097579074;351134;;VIA PROVINCIALE TEGGIANO - POLLA SNC;84039;SA;TEGGIANO;FOSAPA@TISCALI.IT;097579074;097579074
2687;SCUOLA MUSICALE R. GOITRE;DE VITA SANTINA;;;93029320657;VIA ANGELO RAFFAELE PASSARO;VALLO DELLA LUCANIA;SA;DEVISANS@LIBERO.IT;3358298558;097472154;;;VIA NICODEMO;84078;SA;VALLO DELLA LUCANIA;DEVISANS@LIBERO.IT;3358298558;097472154
2688;FONDAZIONE TEATRO DI SAN CARLO IN NAPOLI;PURCHIA ROSANNA;;00299840637;00299840637;VIA SAN CARLO;NAPOLI;NA;AFFARILEGALI@TEATROSANCARLO.IT;0817972320;0817972320;637619;;STRADONE VIGLIENA, CIRCOSCRIZIONE DI SAN GIOVANNI A TEDUCCIO;80146;NA;NAPOLI;AFFARILEGALI@TEATROSANCARLO.IT;0817972320;0817972320
2688;FONDAZIONE TEATRO DI SAN CARLO IN NAPOLI;PURCHIA ROSANNA;;00299840637;00299840637;VIA SAN CARLO;NAPOLI;NA;AFFARILEGALI@TEATROSANCARLO.IT;0817972320;0817972320;637619;;VIA SAN CARLO N. 98/F;80132;NA;NAPOLI;AFFARILEGALI@TEATROSANCARLO.IT;0817972320;0817972320
2689;LEUKOS SRL;BARBA FRANCESCO;;05496300657;05496300657;VIA CICALESI;NOCERA INFERIORE;SA;LEUKOS.FORMAZIONE@LIBERO.IT;0815177216;0815177216;450362;853209;VIA CICALESI 19;84014;SA;NOCERA INFERIORE;LEUKOS.FORMAZIONE@LIBERO.IT;0815177216;0815177216
2690;FONDAZIONE GEOMETRI E GEOMETRI LAUREATI DELLA PROVINCIA DI NAPOLI;BUONO DIEGO;;06947881212;06947881212;VIA GUGLIELMO SANFELICE;NAPOLI;NA;FONDAZIONE@GEOMETRI.NA.IT;0815515115;0815525220;;;VIA GUGLIELMO SANFELICE 24;80134;NA;NAPOLI;FONDAZIONE@GEOMETRI.NA.IT;0815515115;0815525220
2691;MESTIERI CAMPANIA CONSORZIO DI COOPERATIVE SOCIALI SOCIETÀ COOPERATIVA SOCIALE;GAUDINO GIOVANPAOLO;;05416430659;05416430659;VIA MADONNA DI FATIMA;SALERNO;SA;INFO@MESTIERICAMPANIA.COM;0892583316;0892583316;444205;781000;CORSO VITTORIO EMANUELE II, 76;83100;AV;AVELLINO;AVELLINO@MESTIERICAMPANIA.COM;08251883656;08251883656
2691;MESTIERI CAMPANIA CONSORZIO DI COOPERATIVE SOCIALI SOCIETÀ COOPERATIVA SOCIALE;GAUDINO GIOVANPAOLO;;05416430659;05416430659;VIA MADONNA DI FATIMA;SALERNO;SA;INFO@MESTIERICAMPANIA.COM;0892583316;0892583316;444205;781000;VIA COLONNETTE 1;82100;BN;BENEVENTO;BENEVENTO@MESTIERICAMPANIA.COM;0824700904;0824700904
2691;MESTIERI CAMPANIA CONSORZIO DI COOPERATIVE SOCIALI SOCIETÀ COOPERATIVA SOCIALE;GAUDINO GIOVANPAOLO;;05416430659;05416430659;VIA MADONNA DI FATIMA;SALERNO;SA;INFO@MESTIERICAMPANIA.COM;0892583316;0892583316;444205;781000;VIA DEI LONGOBARDI, 19;82100;BN;BENEVENTO;BENEVENTO@MESTIERICAMPANIA.COM;800034499;0824326246
2691;MESTIERI CAMPANIA CONSORZIO DI COOPERATIVE SOCIALI SOCIETÀ COOPERATIVA SOCIALE;GAUDINO GIOVANPAOLO;;05416430659;05416430659;VIA MADONNA DI FATIMA;SALERNO;SA;INFO@MESTIERICAMPANIA.COM;0892583316;0892583316;444205;781000;VIA MADONNA DI FATIMA, 21;84129;SA;SALERNO;SALERNO@MESTIERICAMPANIA.COM;0892583316;0892583316
2691;MESTIERI CAMPANIA CONSORZIO DI COOPERATIVE SOCIALI SOCIETÀ COOPERATIVA SOCIALE;GAUDINO GIOVANPAOLO;;05416430659;05416430659;VIA MADONNA DI FATIMA;SALERNO;SA;INFO@MESTIERICAMPANIA.COM;0892583316;0892583316;444205;781000;VIA PROVINCIALE BOTTEGHELLE DI PORTICI 139;80147;NA;NAPOLI;NAPOLI2@MESTIERICAMPANIA.COM;0815844993;0815844993
2691;MESTIERI CAMPANIA CONSORZIO DI COOPERATIVE SOCIALI SOCIETÀ COOPERATIVA SOCIALE;GAUDINO GIOVANPAOLO;;05416430659;05416430659;VIA MADONNA DI FATIMA;SALERNO;SA;INFO@MESTIERICAMPANIA.COM;0892583316;0892583316;444205;781000;VIALE DEI BERSAGLIERI 32/B;81100;CE;CASERTA;CASERTA@MESTIERICAMPANIA.COM;0823462672/279362;08231844355
2691;MESTIERI CAMPANIA CONSORZIO DI COOPERATIVE SOCIALI SOCIETÀ COOPERATIVA SOCIALE;GAUDINO GIOVANPAOLO;;05416430659;05416430659;VIA MADONNA DI FATIMA;SALERNO;SA;INFO@MESTIERICAMPANIA.COM;0892583316;0892583316;444205;781000;VICO SCALCICCIA 15 BIS;80142;NA;NAPOLI;NAPOLI1@MESTIERICAMPANIA.COM;081294426;0812141441
2692;IS SAVIANO MARIGLIANO;CICCONE DOMENICO;;;92044650635;CORSO ITALIA;SAVIANO;NA;NAIS113004@ISTRUZIONE.IT;0815110567;0815110552;;;CORSO ITALIA118;80033;NA;SAVIANO;NAIS113004@ISTRUZIONE.IT;0815110567;0815110552
2692;IS SAVIANO MARIGLIANO;CICCONE DOMENICO;;;92044650635;CORSO ITALIA;SAVIANO;NA;NAIS113004@ISTRUZIONE.IT;0815110567;0815110552;;;PIAZZA MUSCO 14;80033;NA;SAVIANO;NAIS113004@ISTRUZIONE.IT;0815110567;0815110552
2692;IS SAVIANO MARIGLIANO;CICCONE DOMENICO;;;92044650635;CORSO ITALIA;SAVIANO;NA;NAIS113004@ISTRUZIONE.IT;0815110567;0815110552;;;VIA SETTEMBRINI I TRAV.;80035;NA;MARIGLIANO;NAIS113004@ISTRUZIONE.IT;0815192515;0818851980
2693;IS MANLIO ROSSI DORIA;IANNICIELLO GIUSEPPE;;;922003220636;MARIGLIANO;MARIGLIANO;NA;NATD420003@PEC.ISTRUZIONE.IT;0818851343;0818851343;;;VIA ROSSI DORIA;80034;NA;MARIGLIANO;NATD420003@PEC.ISTRUZIONE.IT;0818851343;0818851343
2695;CO.FLA. SERVICE SCARL;CASCONE MICHELA;;08227701219;08227701219;CORSO GARIBALDI;AFRAGOLA;NA;A.MADONNA@COFLASERVICE.COM;0815968931;0815968931;;;CORSO GARIBALDI, 38;80021;NA;AFRAGOLA;A.MADONNA@COFLASERVICE.COM;0818511408;0818511408
2695;CO.FLA. SERVICE SCARL;CASCONE MICHELA;;08227701219;08227701219;CORSO GARIBALDI;AFRAGOLA;NA;A.MADONNA@COFLASERVICE.COM;0815968931;0815968931;;;VIA PALAZZIELLO, 63;80040;NA;VOLLA;A.MADONNA@COFLASERVICE.COM;0815968931;0815968931
2696;SAPORI DEL MEDITERRANEO - FORMAZIONE E SERVIZI SRL;VORIA GIORGIO;;04437320650;04437320650;VIA SS 18 SNC;BATTIPAGLIA;SA;SCUOLASAPORIMED@LIBERO.IT;0828212403;0828212403;445776;692000;VIA S.S. 18 SNC;84091;SA;BATTIPAGLIA;SCUOLASAPORIMED@LIBERO.IT;0828212403;0828212403
2697;IL SORRISO SOCIETA' COOPERATIVA;PICCOLO NICOLA;;03391780610;03391780610;VIA GUGLIELMO MARCONI XI TRAV.;CASAPESENNA;CE;IST.PRIMOSORRISO@LIBERO.IT;0818163190;0810600208;240487;;VIA GUGLIELMO MARCONI XI TRAVE, 4;81030;CE;CASAPESENNA;IL.SORRISO@PEC.IT;0818163190;0810600208
2698;SI.FORMA;MUSCARIELLO CLAUDIO;;;90043490615;VIA GIOBERTI;AVERSA;CE;SIFORMA.FORMAZIONE@GMAIL.COM;081118558070;081118558070;;;SS7BIS SNC EX LOTT.BOCCHINO CASERTA;81050;CE;SAN TAMMARO;SIFORMA.FORMAZIONE@GMAIL.COM;081118558070;081118558070
2699;ASSOCIAZIONE TERRA VIVA;MASSARO MARIA;;08065491212;95211540638;VIA SANTA MARIA A CUBITO;QUALIANO;NA;PRESIDENTE@ASSOCIAZIONETERRAVIVA.IT;3314141603;08118877494;;;VIA SANTA MARIA DELLE GRAZIE;80019;NA;QUALIANO;PRESIDENTE@ASSOCIAZIONETERRAVIVA.IT;0813428531;0813428531
2700;AESSE80 INFORMAZIONE;SANTANIELLO ANTONIO;;02863540643;02863540643;VIA P. LANCELLOTTI;LAURO;AV;INFO@AESSE80.IT;0818250376;0818250376;188521;855990;VIA MAZZINI,28;83020;AV;DOMICELLA;INFO@AESSE80.IT;0818250376;0818250376
2700;AESSE80 INFORMAZIONE;SANTANIELLO ANTONIO;;02863540643;02863540643;VIA P. LANCELLOTTI;LAURO;AV;INFO@AESSE80.IT;0818250376;0818250376;188521;855990;VIA PRINCIPE LANCELLOTTI 121;83023;AV;LAURO;INFO@AESSE80.IT;3394192545;0818250376
2701;ASSOCIAZIONE DI PROMOZIONE SOCIALE GEN. FRANCESCO MARTINEZ Y CABRERA;APOSTOLICO GAETANO;;;95161660659;VIA CIRILLO OSPIZIO;MERCATO SAN SEVERINO;SA;ASSOCIAZIONEMARTINEZ@GMAIL.COM;089894853;0898281011;;949920;VIA DOMENICO CIRILLO 59;84085;SA;MERCATO SAN SEVERINO;ASSOCIAZIONEMARTINEZ@GMAIL.COM;089894242;0898281011
2703;SCACCO MATTO SOCIETÀ COOPERATIVA SOCIALE;ESPOSITO ROSA;;02615730617;02615730617;VIA REPUBBLICHE MARINARE, 343/B;;NA;INFO@PEC.SCACCOMATTOCOOP.IT;0810380234;0810380234;764684;;VIA CAMPI FLEGREI, 34;80078;NA;POZZUOLI;INFO@SCACCOMATTOCOOP.IT;0813012662;0813012662
2704;LUI E LEI SAS DI MARZUILLO GAETANO;MARZUILLO GAETANO;;;03623390618;VIA FERRARECCE L.GO MAIORANA;CASERTA;CE;STUDIOPAGHEDF@YAHOO.IT;0823323549;0823323549;;;VIA FERRARECCE L.GOMAIORANA;81100;CE;CASERTA;STUDIOPAGHEDF@YAHOO.IT;0823323549;0823323549
2705;LABORATORIO JONATA SRL;DI STASIO LUCREZIA;;03849980614;03849980614;VIALE MELVIN JONES;CASERTA;CE;JONATA.AMMINISTRAZIONE@GMAIL.COM;0823326883;0823326883;277791;;VIALE MELVIN JONES;81100;CE;CASERTA;JONATA.AMMINISTRAZIONE@GMAIL.COM;0823326883;0823326883
2706;ISTITUTO A RETE' DI FUSCO TERESA;FUSCO TERESA;;04168680611;FSCTRS79C65L750J;VIA SAN FRANCESCO;CASAGIOVE;CE;ISTITUTOARETE@GMAIL.COM;3881091541;3881091541;305067;;VIALE EUROPA SNC C/O COMPLESSO LA MERIDIANA;81054;CE;SAN PRISCO;ISTITUTOARETE@GMAIL.COM;3881091541;3881091541
2707;TREE OF LIFE COOPERATIVA SOCIALE;MONTANINO MADDALENA;;02871620643;02871620643;VIA CIRMINIELLO;CALITRI;AV;COOP.TREEOFLIFE@GMAIL.COM;0815121190;0815211190;;;VIA MARIO DE SENA 153;80035;NA;NOLA;COOP.TREEOFLIFE@GMAIL.COM;0815121190;0815211190
2708;CONFEDERAZIONE GENERALE EUROPEA DATORIALE;D'ORIANO LUIGI;;;97792140010;VIA SANSOVINO;TORINO;TO;SEGRETERIA@FEDERDAT.IT;0110448806;0683391220;;;CORSO ALCIDE DE GASPERI 285;80053;NA;CASTELLAMMARE DI STABIA;CAMPANIA@FEDERDAT.IT;08119487423;0683391220
2708;CONFEDERAZIONE GENERALE EUROPEA DATORIALE;D'ORIANO LUIGI;;;97792140010;VIA SANSOVINO;TORINO;TO;SEGRETERIA@FEDERDAT.IT;0110448806;0683391220;;;VIA SANSOVINO N. 265B;10151;TO;TORINO;SEGRETERIA@FEDERDAT.IT;0110448806;0683391220
2709;GESAR S.R.L.S;CENNAMO NATALE;;04187380615;04187380615;VIA PIOPPITELLI;PIANA DI CAIAZZO;CE;GESARSRLS@PEC.IT;0823861643;0823861643;305912;855920;VIA PIOPPITELLI 7;81013;CE;PIANA DI CAIAZZO;GESARSRLS@PEC.IT;0823861643;08231763593
2711;ASSOCIAZIONE AD ALTA VOCE - FORMARE;MORELLI CARLO;;;95235790631;VIA GIOTTO;NAPOLI;NA;C.RICCI@HOTMAIL.IT;0815585673;0815585675;;;VIA GIAMBATTISTA VELA, 91;80147;NA;NAPOLI;C.RICCI@HOTMAIL.IT;0815585673;0815585675
2711;ASSOCIAZIONE AD ALTA VOCE - FORMARE;MORELLI CARLO;;;95235790631;VIA GIOTTO;NAPOLI;NA;C.RICCI@HOTMAIL.IT;0815585673;0815585675;;;VIA GIOTTO, 70;80128;NA;NAPOLI;C.RICCI@HOTMAIL.IT;0815585673;0815585675
2713;UNIVERSITÀ DEGLI STUDI "GIUSTINO FORTUNATO" - TELEMATICA;LOCATELLI GIOVANNI FELINO;;;92040460625;VIA RAFFAELE DELCOGLIANO;BENEVENTO;BN;R.TOSCANO@UNIFORTUNATO.EU;0824316057;0824355951;;;VIALE RAFFAELE DELCOGLIANO, 12;82100;BN;BENEVENTO;R.TOSCANO@UNIFORTUNATO.EU;0824351296;0824355951
2715;MAJOR BIT ACADEMY SRL;VENERUSO RAFFAELE;;12377391003;12377391003;VIALE LUIGI SCHIAVONETTI;ROMA;RM;ACADEMY@MAJORBIT.COM;0683778988;0683778986;1369632;85592;CENTRO DIREZIONALE ISOLA C/2 SCALA B;80143;NA;NAPOLI;ACADEMY@MAJORBIT.COM;08119344330;08119339974
2716;CENTRO STUDI EOS S.R.L.;MONACO ANGELO;;04139080610;04139080610;VIA STELLATO;SAN PRISCO;CE;CENTROSTUDIEOS@LEGALMAIL.IT;0823844436;0823844436;301840;853209;VIA AGOSTINO STELLATO CENTRO EOS;81054;CE;SAN PRISCO;CENTROSTUDIEOS@LEGALMAIL.IT;08231540627;08231540627
2717;SOMETEC S.R.L.S.;MARCHESIN CARLO;;05452800658;05452800658;VIA DELLA LIBERTÀ;ROCCAPIEMONTE;SA;INFO@SOMETEC.IT;08119328947;08119328947;446830;;VIA PALMIRO TOGLIATTI, N.11;84083;SA;CASTEL SAN GIORGIO;AMMINISTRAZIONE@SOMETEC.IT;0813443970;0813443970
2718;MEDIAWORK S.R.L.;DELLI COLLI STEFANIA;;;03533970616;VIA CASILINA;;;FORMAZIONE@MEDIAWORKSRL.IT;0823904628;0823904628;;;CORSO UMBERTO 1;81049;CE;MIGNANO MONTE LUNGO;INFO@MEDIAWORKSRL.IT;0823904628;0823904628
2719;AN.GI. IMMOBILIARE E FORMAZIONE SRL;PEZONE ANTONIO;;03470400619;03470400619;VIA ROMA;AVERSA;CE;ANGI.IMMOBILIARE@ARUBAPEC.IT;0815031447;0815031447;;;VIA ORABONA 121;81031;CE;AVERSA;ANGI.IMMOBILIARE@ARUBAPEC.IT;0815031447;0815031447
