Sesso;DataNascita;ComuneResidenza;ProvinciaResidenza;TitoloStudio;CondizioneOccupazionale;TipoContratto;TitoloProgetto;DataInizio;DataFine;Ore
M;1971;MARANO DI NAPOLI;NA;LICENZA DI SCUOLA SECONDARIA DI 1° GRADO;DISOCCUPATO ALLA RICERCA DI NUOVA OCCUPAZIONE (O ISCRITTO ALLE LISTE DI MOBILITÀ);;OPERATORE DI SALDATURA;25/12/2018;30/06/2019;6
M;1983;NAPOLI;NA;LICENZA DI SCUOLA SECONDARIA DI 2° GRADO;DISOCCUPATO ALLA RICERCA DI NUOVA OCCUPAZIONE (O ISCRITTO ALLE LISTE DI MOBILITÀ);;ECDL;08/12/2018;30/06/2019;0
F;2000;NAPOLI;NA;LICENZA DI SCUOLA SECONDARIA DI 1° GRADO;STUDENTE;;IEFP "OPERATORE AI SERVIZI DI PROMOZIONE E ACCOGLIENZA: INDIRIZZO SERVIZI DEL TURISMO_ 2° ANNUALITÀ";23/04/2018;30/04/2019;510
M;1977;NAPOLI;NA;LICENZA DI SCUOLA SECONDARIA DI 2° GRADO;DISOCCUPATO ALLA RICERCA DI NUOVA OCCUPAZIONE (O ISCRITTO ALLE LISTE DI MOBILITÀ);;ECDL;08/12/2018;30/06/2019;0
F;1999;CASTELLAMMARE DI STABIA;NA;LICENZA DI SCUOLA SECONDARIA DI 1° GRADO;INATTIVO DIVERSO DA STUDENTE (CASALINGA/O, RITIRATO/A, INABILE, SERVIZIO DI LEVA/SERVIZIO CIVILE, ALTRO);;IEFP "OPERATORE DEL BENESSERE";04/06/2018;30/04/2019;30
F;1973;AVERSA;CE;LICENZA DI SCUOLA SECONDARIA DI 2° GRADO;DISOCCUPATO ALLA RICERCA DI NUOVA OCCUPAZIONE (O ISCRITTO ALLE LISTE DI MOBILITÀ);;ECDL START;29/12/2018;30/06/2019;110
M;1980;AFRAGOLA;NA;LICENZA DI SCUOLA SECONDARIA DI 1° GRADO;DISOCCUPATO ALLA RICERCA DI NUOVA OCCUPAZIONE (O ISCRITTO ALLE LISTE DI MOBILITÀ);;TECNICO DI SPEDIZIONE, TRASPORTO E LOGISTICA;08/12/2018;30/06/2019;133
M;1970;CALITRI;AV;LICENZA DI SCUOLA SECONDARIA DI 1° GRADO;DISOCCUPATO ALLA RICERCA DI NUOVA OCCUPAZIONE (O ISCRITTO ALLE LISTE DI MOBILITÀ);;ADDETTO AMMINISTRATIVO;27/12/2018;30/06/2019;97
F;2002;NAPOLI;NA;LICENZA DI SCUOLA SECONDARIA DI 1° GRADO;DISOCCUPATO ALLA RICERCA DI NUOVA OCCUPAZIONE (O ISCRITTO ALLE LISTE DI MOBILITÀ);;IEFP "OPERATORE DEL BENESSERE"- 2° ANNUALITÀ;16/04/2018;30/04/2019;138
M;1957;PADULA;SA;LICENZA DI SCUOLA SECONDARIA DI 1° GRADO;DISOCCUPATO ALLA RICERCA DI NUOVA OCCUPAZIONE (O ISCRITTO ALLE LISTE DI MOBILITÀ);;KEY COMPETENCE;25/12/2018;30/06/2019;6
M;2007;NAPOLI;NA;LICENZA DI SCUOLA SECONDARIA DI 1° GRADO;STUDENTE;;IEFP " OPERATORE DELLA RISTORAZIONE" 2° ANNUALITÀ;17/05/2018;30/04/2019;12
M;1983;CALVIZZANO;NA;N.D.;DISOCCUPATO ALLA RICERCA DI NUOVA OCCUPAZIONE (O ISCRITTO ALLE LISTE DI MOBILITÀ);;ADDETTO AMMINISTRATIVO;25/12/2018;30/06/2019;0
M;1967;MARIGLIANO;NA;LICENZA DI SCUOLA SECONDARIA DI 1° GRADO;DISOCCUPATO ALLA RICERCA DI NUOVA OCCUPAZIONE (O ISCRITTO ALLE LISTE DI MOBILITÀ);;OPERATORE DELL'INSTALLAZIONE E DELLA MANUTENZIONE DI IMPIANTI DI CONDIZIONAMENTO E CLIMATIZZAZIONE;13/12/2018;30/06/2019;0
F;1972;MARCIANISE;CE;LICENZA DI SCUOLA SECONDARIA DI 1° GRADO;DISOCCUPATO ALLA RICERCA DI NUOVA OCCUPAZIONE (O ISCRITTO ALLE LISTE DI MOBILITÀ);;VENDITORE ENERGIE RINNOVABILI;27/12/2018;30/06/2019;0
F;2003;NAPOLI;NA;LICENZA DI SCUOLA SECONDARIA DI 1° GRADO;STUDENTE;;IEFP " OPERATORE DELL'ABBIGLIAMENTO"- 2° ANNUALITÀ;14/05/2018;30/04/2019;392
M;1989;VILLA DI BRIANO;CE;LICENZA DI SCUOLA SECONDARIA DI 2° GRADO;DISOCCUPATO ALLA RICERCA DI NUOVA OCCUPAZIONE (O ISCRITTO ALLE LISTE DI MOBILITÀ);;OPERATORE MECCANICO;25/12/2018;30/06/2019;0
M;1976;MARCIANISE;CE;LICENZA DI SCUOLA PRIMARIA;DISOCCUPATO ALLA RICERCA DI NUOVA OCCUPAZIONE (O ISCRITTO ALLE LISTE DI MOBILITÀ);;EIPASS 7 MODULI;08/12/2018;30/06/2019;26
F;1968;POMIGLIANO D'ARCO;NA;LICENZA DI SCUOLA SECONDARIA DI 1° GRADO;DISOCCUPATO ALLA RICERCA DI NUOVA OCCUPAZIONE (O ISCRITTO ALLE LISTE DI MOBILITÀ);;OPERATORE MACCHINE A CONTROLLO NUMERICO;27/12/2018;30/06/2019;0
M;1981;TRECASE;NA;LICENZA DI SCUOLA SECONDARIA DI 1° GRADO;DISOCCUPATO ALLA RICERCA DI NUOVA OCCUPAZIONE (O ISCRITTO ALLE LISTE DI MOBILITÀ);;OPERATORE MECCANICO;19/12/2018;30/06/2019;0
M;1987;NAPOLI;NA;LICENZA DI SCUOLA SECONDARIA DI 2° GRADO;DISOCCUPATO ALLA RICERCA DI NUOVA OCCUPAZIONE (O ISCRITTO ALLE LISTE DI MOBILITÀ);;ESPERTO AMMINISTRATIVO;07/12/2018;30/04/2019;50
M;1969;CASERTA;CE;LICENZA DI SCUOLA SECONDARIA DI 2° GRADO;DISOCCUPATO ALLA RICERCA DI NUOVA OCCUPAZIONE (O ISCRITTO ALLE LISTE DI MOBILITÀ);;VENDITORE DI ENERGIE RINNOVABILI;06/12/2018;30/04/2019;0
F;1958;BUCCINO;SA;LICENZA DI SCUOLA SECONDARIA DI 1° GRADO;DISOCCUPATO ALLA RICERCA DI NUOVA OCCUPAZIONE (O ISCRITTO ALLE LISTE DI MOBILITÀ);;KEY COMPETENCE;25/12/2018;30/06/2019;0
M;1978;TORRE ANNUNZIATA;NA;LICENZA DI SCUOLA SECONDARIA DI 1° GRADO;DISOCCUPATO ALLA RICERCA DI NUOVA OCCUPAZIONE (O ISCRITTO ALLE LISTE DI MOBILITÀ);;ECDL;13/12/2018;30/06/2019;0
F;1956;NOCERA INFERIORE;SA;LICENZA DI SCUOLA SECONDARIA DI 1° GRADO;DISOCCUPATO ALLA RICERCA DI NUOVA OCCUPAZIONE (O ISCRITTO ALLE LISTE DI MOBILITÀ);;OPERATORE PER L'ASSISTENZA FAMILIARE;29/12/2018;30/06/2019;87
M;1973;CASORIA;NA;LICENZA DI SCUOLA SECONDARIA DI 2° GRADO;DISOCCUPATO ALLA RICERCA DI NUOVA OCCUPAZIONE (O ISCRITTO ALLE LISTE DI MOBILITÀ);;TECNICO DI SPEDIZIONE, TRASPORTO E LOGISTICA;08/12/2018;30/06/2019;0
F;1980;MADDALONI;CE;LICENZA DI SCUOLA SECONDARIA DI 2° GRADO;DISOCCUPATO ALLA RICERCA DI NUOVA OCCUPAZIONE (O ISCRITTO ALLE LISTE DI MOBILITÀ);;EIPASS 7 MODULI;08/12/2018;30/06/2019;140
M;1962;GIUGLIANO IN CAMPANIA;NA;N.D.;DISOCCUPATO ALLA RICERCA DI NUOVA OCCUPAZIONE (O ISCRITTO ALLE LISTE DI MOBILITÀ);;ADDETTO AMMINISTRATIVO;25/12/2018;30/06/2019;0
M;1969;NAPOLI;NA;LICENZA DI SCUOLA SECONDARIA DI 1° GRADO;DISOCCUPATO ALLA RICERCA DI NUOVA OCCUPAZIONE (O ISCRITTO ALLE LISTE DI MOBILITÀ);;OPERATORE MACCHINE A CONTROLLO NUMERICO;25/12/2018;30/06/2019;59
M;2002;PAGANI;SA;LICENZA DI SCUOLA SECONDARIA DI 1° GRADO;IN CERCA DI PRIMA OCCUPAZIONE;;IEFP" OPERATORE DELLA RISTORAZIONE" - 2° ANNUALITÀ;22/03/2018;30/04/2019;122
M;1976;TEVEROLA;CE;LICENZA DI SCUOLA SECONDARIA DI 1° GRADO;DISOCCUPATO ALLA RICERCA DI NUOVA OCCUPAZIONE (O ISCRITTO ALLE LISTE DI MOBILITÀ);;ECDL START;29/12/2018;30/06/2019;0
M;1973;CASERTA;CE;LICENZA DI SCUOLA SECONDARIA DI 2° GRADO;DISOCCUPATO ALLA RICERCA DI NUOVA OCCUPAZIONE (O ISCRITTO ALLE LISTE DI MOBILITÀ);;ECDL;13/12/2018;30/06/2019;0
M;1959;SALERNO;SA;LICENZA DI SCUOLA SECONDARIA DI 2° GRADO;DISOCCUPATO ALLA RICERCA DI NUOVA OCCUPAZIONE (O ISCRITTO ALLE LISTE DI MOBILITÀ);;ECDL ADVANCED;13/12/2018;30/06/2019;0
M;2000;NAPOLI;NA;LICENZA DI SCUOLA SECONDARIA DI 1° GRADO;STUDENTE;;IEFP " OPERATORE DELL'ABBIGLIAMENTO"- 2° ANNUALITÀ;14/05/2018;30/04/2019;702
M;1955;NAPOLI;NA;LICENZA DI SCUOLA PRIMARIA;DISOCCUPATO ALLA RICERCA DI NUOVA OCCUPAZIONE (O ISCRITTO ALLE LISTE DI MOBILITÀ);;OPERATORE PER LA SANIFICAZIONE DEI CONTENITORI DI RIFIUTI ORGANICI;08/12/2018;30/06/2019;0
M;1981;TORRE ANNUNZIATA;NA;LICENZA DI SCUOLA SECONDARIA DI 1° GRADO;DISOCCUPATO ALLA RICERCA DI NUOVA OCCUPAZIONE (O ISCRITTO ALLE LISTE DI MOBILITÀ);;ECDL;19/12/2018;30/06/2019;0
M;1975;MARCIANISE;CE;LICENZA DI SCUOLA SECONDARIA DI 1° GRADO;DISOCCUPATO ALLA RICERCA DI NUOVA OCCUPAZIONE (O ISCRITTO ALLE LISTE DI MOBILITÀ);;OPERATORE MECCANICO;25/12/2018;30/06/2019;0
F;1969;MARCIANISE;CE;LICENZA DI SCUOLA SECONDARIA DI 1° GRADO;DISOCCUPATO ALLA RICERCA DI NUOVA OCCUPAZIONE (O ISCRITTO ALLE LISTE DI MOBILITÀ);;VENDITORE ENERGIE RINNOVABILI;27/12/2018;30/06/2019;0
M;2000;POMPEI;NA;LICENZA DI SCUOLA SECONDARIA DI 1° GRADO;STUDENTE;;IEFP "OPERATORE ELETTRICO"- 2° ANNUALITÀ;09/04/2018;30/04/2019;0
M;1956;SCAFATI;SA;LICENZA DI SCUOLA SECONDARIA DI 1° GRADO;DISOCCUPATO ALLA RICERCA DI NUOVA OCCUPAZIONE (O ISCRITTO ALLE LISTE DI MOBILITÀ);;ECDL;08/12/2018;30/06/2019;112
F;1981;POZZUOLI;NA;LICENZA DI SCUOLA SECONDARIA DI 2° GRADO;DISOCCUPATO ALLA RICERCA DI NUOVA OCCUPAZIONE (O ISCRITTO ALLE LISTE DI MOBILITÀ);;OPERATORE DELL'INSTALLAZIONE E DELLA MANUTENZIONE DI IMPIANTI ELETTRICI;08/12/2018;30/06/2019;0
M;1962;CELLOLE;CE;LICENZA DI SCUOLA SECONDARIA DI 1° GRADO;DISOCCUPATO ALLA RICERCA DI NUOVA OCCUPAZIONE (O ISCRITTO ALLE LISTE DI MOBILITÀ);;OPERATORE ALLA CONDUZIONE DI GRU E DI APPARECCHI DI SOLLEVAMENTO;27/12/2018;30/06/2019;42
M;1984;STRIANO;NA;LICENZA DI SCUOLA SECONDARIA DI 1° GRADO;DISOCCUPATO ALLA RICERCA DI NUOVA OCCUPAZIONE (O ISCRITTO ALLE LISTE DI MOBILITÀ);;OPERATORE DELL'INSTALLAZIONE E DEGLI IMPIANTI ELETTRICI;25/12/2018;30/06/2019;0
M;1956;NAPOLI;NA;LICENZA DI SCUOLA PRIMARIA;DISOCCUPATO ALLA RICERCA DI NUOVA OCCUPAZIONE (O ISCRITTO ALLE LISTE DI MOBILITÀ);;PIZZAIOLO;13/12/2018;30/06/2019;6
M;2000;QUARTO;NA;LICENZA DI SCUOLA SECONDARIA DI 1° GRADO;STUDENTE;;IEFP " OPERATORE DELLA RISTORAZIONE" 2° ANNUALITÀ;17/05/2018;30/04/2019;53
F;2002;NAPOLI;NA;LICENZA DI SCUOLA SECONDARIA DI 1° GRADO;INATTIVO DIVERSO DA STUDENTE (CASALINGA/O, RITIRATO/A, INABILE, SERVIZIO DI LEVA/SERVIZIO CIVILE, ALTRO);;IEFP " OPERATORE DELL'ABBIGLIAMENTO"- 2° ANNUALITÀ;14/05/2018;30/04/2019;596
M;1964;CAPUA;CE;LICENZA DI SCUOLA SECONDARIA DI 2° GRADO;DISOCCUPATO ALLA RICERCA DI NUOVA OCCUPAZIONE (O ISCRITTO ALLE LISTE DI MOBILITÀ);;VENDITORE DI ENERGIE RINNOVABILI;06/12/2018;30/04/2019;0
F;2002;NAPOLI;NA;LICENZA DI SCUOLA SECONDARIA DI 1° GRADO;DISOCCUPATO ALLA RICERCA DI NUOVA OCCUPAZIONE (O ISCRITTO ALLE LISTE DI MOBILITÀ);;IEFP "OPERATORE DEL BENESSERE"- 2° ANNUALITÀ;16/04/2018;30/04/2019;6
M;1985;NAPOLI;NA;LICENZA DI SCUOLA SECONDARIA DI 1° GRADO;DISOCCUPATO ALLA RICERCA DI NUOVA OCCUPAZIONE (O ISCRITTO ALLE LISTE DI MOBILITÀ);;PIZZAIOLO;13/12/2018;30/06/2019;105
M;1954;NAPOLI;NA;LICENZA DI SCUOLA SECONDARIA DI 1° GRADO;DISOCCUPATO ALLA RICERCA DI NUOVA OCCUPAZIONE (O ISCRITTO ALLE LISTE DI MOBILITÀ);;ECDL;13/12/2018;30/06/2019;0
M;1978;ROCCAPIEMONTE;SA;LICENZA DI SCUOLA SECONDARIA DI 1° GRADO;DISOCCUPATO ALLA RICERCA DI NUOVA OCCUPAZIONE (O ISCRITTO ALLE LISTE DI MOBILITÀ);;ADDETTO AMMINISTRATIVO;08/12/2018;30/06/2019;0
M;1999;NAPOLI;NA;LICENZA DI SCUOLA SECONDARIA DI 1° GRADO;STUDENTE;;IEFP " OPERATORE DELL'ABBIGLIAMENTO"- 2° ANNUALITÀ;14/05/2018;30/04/2019;8
F;1967;MARCIANISE;CE;LICENZA DI SCUOLA SECONDARIA DI 1° GRADO;DISOCCUPATO ALLA RICERCA DI NUOVA OCCUPAZIONE (O ISCRITTO ALLE LISTE DI MOBILITÀ);;VENDITORE ENERGIE RINNOVABILI;27/12/2018;30/06/2019;0
M;1969;CAVA DE' TIRRENI;SA;LICENZA DI SCUOLA SECONDARIA DI 1° GRADO;DISOCCUPATO ALLA RICERCA DI NUOVA OCCUPAZIONE (O ISCRITTO ALLE LISTE DI MOBILITÀ);;ADDETTO AMMINISTRATIVO;08/12/2018;30/06/2019;0
M;2000;NAPOLI;NA;LICENZA DI SCUOLA SECONDARIA DI 1° GRADO;STUDENTE;;IEFP "OPERATORE AI SERVIZI DI PROMOZIONE E ACCOGLIENZA: INDIRIZZO SERVIZI DEL TURISMO_ 2° ANNUALITÀ";23/04/2018;30/04/2019;198
M;1959;NAPOLI;NA;LICENZA DI SCUOLA SECONDARIA DI 1° GRADO;DISOCCUPATO ALLA RICERCA DI NUOVA OCCUPAZIONE (O ISCRITTO ALLE LISTE DI MOBILITÀ);;VENDITORE ENERGIE RINNOVABILI;27/12/2018;30/06/2019;0
F;1973;MARCIANISE;CE;LICENZA DI SCUOLA SECONDARIA DI 1° GRADO;DISOCCUPATO ALLA RICERCA DI NUOVA OCCUPAZIONE (O ISCRITTO ALLE LISTE DI MOBILITÀ);;VENDITORE ENERGIE RINNOVABILI;27/12/2018;30/06/2019;0
M;1963;PADULA;SA;LICENZA DI SCUOLA SECONDARIA DI 1° GRADO;DISOCCUPATO ALLA RICERCA DI NUOVA OCCUPAZIONE (O ISCRITTO ALLE LISTE DI MOBILITÀ);;KEY COMPETENCE;25/12/2018;30/06/2019;6
M;1977;NAPOLI;NA;LICENZA DI SCUOLA SECONDARIA DI 1° GRADO;DISOCCUPATO ALLA RICERCA DI NUOVA OCCUPAZIONE (O ISCRITTO ALLE LISTE DI MOBILITÀ);;ECDL;13/12/2018;30/06/2019;0
M;1974;CRISPANO;NA;LICENZA DI SCUOLA SECONDARIA DI 2° GRADO;DISOCCUPATO ALLA RICERCA DI NUOVA OCCUPAZIONE (O ISCRITTO ALLE LISTE DI MOBILITÀ);;PIZZAIOLO;13/12/2018;30/06/2019;4
M;1978;ORTA DI ATELLA;CE;LICENZA DI SCUOLA SECONDARIA DI 2° GRADO;DISOCCUPATO ALLA RICERCA DI NUOVA OCCUPAZIONE (O ISCRITTO ALLE LISTE DI MOBILITÀ);;OPERATORE DELL'INSTALLAZIONE E DELLA MANUTENZIONE DI IMPIANTI TERMO-IDRAULICI;13/12/2018;30/06/2019;0
M;1982;CIMITILE;NA;LICENZA DI SCUOLA SECONDARIA DI 1° GRADO;DISOCCUPATO ALLA RICERCA DI NUOVA OCCUPAZIONE (O ISCRITTO ALLE LISTE DI MOBILITÀ);;OPERATORE DELL'INSTALLAZIONE E DELLA MANUTENZIONE DI IMPIANTI ELETTRICI;27/12/2018;30/06/2019;0
F;1980;MARCIANISE;CE;LICENZA DI SCUOLA SECONDARIA DI 2° GRADO;DISOCCUPATO ALLA RICERCA DI NUOVA OCCUPAZIONE (O ISCRITTO ALLE LISTE DI MOBILITÀ);;ECDL;13/12/2018;30/06/2019;130
M;1972;VOLLA;NA;LICENZA DI SCUOLA SECONDARIA DI 2° GRADO;DISOCCUPATO ALLA RICERCA DI NUOVA OCCUPAZIONE (O ISCRITTO ALLE LISTE DI MOBILITÀ);;OPERATORE PER LA SANIFICAZIONE DEI CONTENITORI DI RIFIUTI ORGANICI;08/12/2018;30/06/2019;0
M;1985;MELITO DI NAPOLI;NA;LICENZA DI SCUOLA SECONDARIA DI 1° GRADO;DISOCCUPATO ALLA RICERCA DI NUOVA OCCUPAZIONE (O ISCRITTO ALLE LISTE DI MOBILITÀ);;ECDL;13/12/2018;30/06/2019;0
M;1971;MERCATO SAN SEVERINO;SA;LICENZA DI SCUOLA SECONDARIA DI 1° GRADO;DISOCCUPATO ALLA RICERCA DI NUOVA OCCUPAZIONE (O ISCRITTO ALLE LISTE DI MOBILITÀ);;OPERATORE AMMINISTRATIVO;08/12/2018;30/06/2019;0
M;1985;MARCIANISE;CE;LICENZA DI SCUOLA SECONDARIA DI 2° GRADO;DISOCCUPATO ALLA RICERCA DI NUOVA OCCUPAZIONE (O ISCRITTO ALLE LISTE DI MOBILITÀ);;VENDITORE DI ENERGIE RINNOVABILI;06/12/2018;30/04/2019;0
M;1999;GRAGNANO;NA;LICENZA DI SCUOLA SECONDARIA DI 1° GRADO;STUDENTE;;IEFP "OPERATORE ELETTRICO"- 2° ANNUALITÀ;09/04/2018;30/04/2019;414
F;1981;MOIANO;BN;LICENZA DI SCUOLA SECONDARIA DI 1° GRADO;DISOCCUPATO ALLA RICERCA DI NUOVA OCCUPAZIONE (O ISCRITTO ALLE LISTE DI MOBILITÀ);;ECDL;13/12/2018;30/06/2019;20
M;1965;NAPOLI;NA;LICENZA DI SCUOLA SECONDARIA DI 1° GRADO;DISOCCUPATO ALLA RICERCA DI NUOVA OCCUPAZIONE (O ISCRITTO ALLE LISTE DI MOBILITÀ);;OPERATORE MECCANICO;19/12/2018;30/06/2019;89
M;1955;PARETE;CE;LICENZA DI SCUOLA SECONDARIA DI 1° GRADO;DISOCCUPATO ALLA RICERCA DI NUOVA OCCUPAZIONE (O ISCRITTO ALLE LISTE DI MOBILITÀ);;OPERATORE MECCANICO;25/12/2018;30/06/2019;0
F;1978;POMIGLIANO D'ARCO;NA;LICENZA DI SCUOLA SECONDARIA DI 1° GRADO;DISOCCUPATO ALLA RICERCA DI NUOVA OCCUPAZIONE (O ISCRITTO ALLE LISTE DI MOBILITÀ);;OPERATORE MACCHINE A CONTROLLO NUMERICO;27/12/2018;30/06/2019;0
F;2002;MELITO DI NAPOLI;NA;LICENZA DI SCUOLA SECONDARIA DI 1° GRADO;STUDENTE;;IEFP " OPERATORE DELL'ABBIGLIAMENTO"- 2° ANNUALITÀ;14/05/2018;30/04/2019;13
F;1982;CARDITO;NA;LICENZA DI SCUOLA SECONDARIA DI 2° GRADO;DISOCCUPATO ALLA RICERCA DI NUOVA OCCUPAZIONE (O ISCRITTO ALLE LISTE DI MOBILITÀ);;ESPERTO AMMINISTRATIVO;07/12/2018;30/04/2019;5
F;1975;NAPOLI;NA;LICENZA DI SCUOLA SECONDARIA DI 1° GRADO;STUDENTE;;IEFP " OPERATORE DELLA RISTORAZIONE" 2° ANNUALITÀ;17/05/2018;30/04/2019;0
M;1964;CAVA DE' TIRRENI;SA;LICENZA DI SCUOLA SECONDARIA DI 1° GRADO;DISOCCUPATO ALLA RICERCA DI NUOVA OCCUPAZIONE (O ISCRITTO ALLE LISTE DI MOBILITÀ);;OPERATORE AMMINISTRATIVO;08/12/2018;30/06/2019;0
F;1986;MARCIANISE;CE;LICENZA DI SCUOLA SECONDARIA DI 1° GRADO;DISOCCUPATO ALLA RICERCA DI NUOVA OCCUPAZIONE (O ISCRITTO ALLE LISTE DI MOBILITÀ);;VENDITORE DI ENERGIE RINNOVABILI;06/12/2018;30/04/2019;0
M;1974;PADULA;SA;LICENZA DI SCUOLA SECONDARIA DI 1° GRADO;DISOCCUPATO ALLA RICERCA DI NUOVA OCCUPAZIONE (O ISCRITTO ALLE LISTE DI MOBILITÀ);;KEY COMPETENCE;25/12/2018;30/06/2019;6
M;1968;POZZUOLI;NA;LICENZA DI SCUOLA SECONDARIA DI 1° GRADO;STUDENTE;;IEFP " OPERATORE DELLA RISTORAZIONE" 2° ANNUALITÀ;17/05/2018;30/04/2019;83
M;2002;CASALNUOVO DI NAPOLI;NA;LICENZA DI SCUOLA SECONDARIA DI 1° GRADO;IN CERCA DI PRIMA OCCUPAZIONE;;IEFP" OPERATORE DELLA RISTORAZIONE" - 2° ANNUALITÀ;22/03/2018;30/04/2019;644
M;1971;NAPOLI;NA;LICENZA DI SCUOLA SECONDARIA DI 1° GRADO;DISOCCUPATO ALLA RICERCA DI NUOVA OCCUPAZIONE (O ISCRITTO ALLE LISTE DI MOBILITÀ);;ECDL;13/12/2018;30/06/2019;0
M;2000;NAPOLI;NA;LICENZA DI SCUOLA SECONDARIA DI 1° GRADO;STUDENTE;;IEFP "OPERATORE AI SERVIZI DI PROMOZIONE E ACCOGLIENZA: INDIRIZZO SERVIZI DEL TURISMO_ 2° ANNUALITÀ";23/04/2018;30/04/2019;321
M;1956;GRAGNANO;NA;LICENZA DI SCUOLA SECONDARIA DI 1° GRADO;DISOCCUPATO ALLA RICERCA DI NUOVA OCCUPAZIONE (O ISCRITTO ALLE LISTE DI MOBILITÀ);;OPERATORE DELL'INSTALLAZIONE E DELLA MANUTENZIONE DEGLI IMPIANTI ELETTRICI;27/12/2018;30/06/2019;10
M;1959;MARCIANISE;CE;LICENZA DI SCUOLA SECONDARIA DI 1° GRADO;DISOCCUPATO ALLA RICERCA DI NUOVA OCCUPAZIONE (O ISCRITTO ALLE LISTE DI MOBILITÀ);;OPERATORE MECCANICO;25/12/2018;30/06/2019;0
M;1970;ARZANO;NA;LICENZA DI SCUOLA PRIMARIA;DISOCCUPATO ALLA RICERCA DI NUOVA OCCUPAZIONE (O ISCRITTO ALLE LISTE DI MOBILITÀ);;TECNICO DI SPEDIZIONE, TRASPORTO E LOGISTICA;08/12/2018;30/06/2019;0
M;2001;CASTELLAMMARE DI STABIA;NA;LICENZA DI SCUOLA SECONDARIA DI 1° GRADO;STUDENTE;;IEFP "OPERATORE ELETTRICO"- 2° ANNUALITÀ;09/04/2018;30/04/2019;479
M;1971;CASTEL SAN GIORGIO;SA;LICENZA DI SCUOLA SECONDARIA DI 1° GRADO;DISOCCUPATO ALLA RICERCA DI NUOVA OCCUPAZIONE (O ISCRITTO ALLE LISTE DI MOBILITÀ);;ADDETTO AMMINISTRATIVO;08/12/2018;30/06/2019;0
F;1955;POMPEI;NA;LICENZA DI SCUOLA SECONDARIA DI 1° GRADO;DISOCCUPATO ALLA RICERCA DI NUOVA OCCUPAZIONE (O ISCRITTO ALLE LISTE DI MOBILITÀ);;ECDL;08/12/2018;30/06/2019;97
F;1999;GRAGNANO;NA;LICENZA DI SCUOLA SECONDARIA DI 1° GRADO;DISOCCUPATO ALLA RICERCA DI NUOVA OCCUPAZIONE (O ISCRITTO ALLE LISTE DI MOBILITÀ);;IEFP "OPERATORE DEL BENESSERE";04/06/2018;30/04/2019;160
M;1996;CASTELLAMMARE DI STABIA;NA;LICENZA DI SCUOLA SECONDARIA DI 1° GRADO;STUDENTE;;IEFP "OPERATORE ELETTRICO"- 2° ANNUALITÀ;09/04/2018;30/04/2019;24
M;1974;TORRE ANNUNZIATA;NA;LICENZA DI SCUOLA SECONDARIA DI 1° GRADO;DISOCCUPATO ALLA RICERCA DI NUOVA OCCUPAZIONE (O ISCRITTO ALLE LISTE DI MOBILITÀ);;LINGUA INGLESE;19/12/2018;30/06/2019;0
F;2002;NAPOLI;NA;LICENZA DI SCUOLA SECONDARIA DI 1° GRADO;STUDENTE;;IEFP " OPERATORE DELL'ABBIGLIAMENTO - 2° ANNUALITÀ";23/04/2018;30/04/2019;214
M;1976;BOSCOREALE;NA;LICENZA DI SCUOLA SECONDARIA DI 2° GRADO;DISOCCUPATO ALLA RICERCA DI NUOVA OCCUPAZIONE (O ISCRITTO ALLE LISTE DI MOBILITÀ);;LINGUA INGLESE;19/12/2018;30/06/2019;199
M;1969;NAPOLI;NA;LICENZA DI SCUOLA SECONDARIA DI 1° GRADO;DISOCCUPATO ALLA RICERCA DI NUOVA OCCUPAZIONE (O ISCRITTO ALLE LISTE DI MOBILITÀ);;INSTALLATORE E MANUTENTORE DI IMPIANTI FOTOVOLTAICI, SOLARI TERMICI E TERMODINAMICI;27/12/2018;30/06/2019;0
M;2001;PERITO;SA;LICENZA DI SCUOLA SECONDARIA DI 1° GRADO;STUDENTE;;IEFP " OPERATORE DELLA RISTORAZIONE" 2° ANNUALITÀ;17/05/2018;30/04/2019;172
F;2002;NAPOLI;NA;LICENZA DI SCUOLA SECONDARIA DI 1° GRADO;DISOCCUPATO ALLA RICERCA DI NUOVA OCCUPAZIONE (O ISCRITTO ALLE LISTE DI MOBILITÀ);;IEFP "OPERATORE DEL BENESSERE"- 2° ANNUALITÀ;16/04/2018;30/04/2019;30
