Id_Ente;Latitudine;Longitudine;TipologiaSoggetti;Codifica;CategoriaEnte;SottoCategoriaEnte;DenominazioneEnte;Indirizzo;Cap;Comune;Socio_1;Socio_2;Socio_3
17039;40,9149;14,7977;Imprese pubbliche locali;c;021 - Consorzi e Forme associative;0211 - Forme associative di livello regionale;A.T.O. 1 Calore Irpino;VIA SEMINARIO CASA DELLA CULTURA - VICTOR HUGO;83100;AVELLINO;COMUNE DI BENEVENTO 8,22%;COMUNE DI AVELLINO 7,25%;COMUNE DI ARIANO IRPINO 3,01%
17105;41,0102;15,357;Imprese pubbliche locali;c;021 - Consorzi e Forme associative;0212 - Forme associative di livello sub-regionale;Consorzio Irpino per la Promozione della Cultura, della Ricerca e degli Studi Universitari - Avellin;PIAZZA XXIII NOVEMBRE;83100;AVELLINO;COMUNE DI AVELLINO 42,55%;PROVINCIA DI AVELLINO 40,49%;COMUNE DI ATRIPALDA 8,51%
19908;40,716;14,9413;Imprese pubbliche locali;c;039 - Societa e fondazioni Partecipate;0392 - Societa e fondazioni a partecipazione sub-regionale;Azienda del Cittadino Multiservice S.r.l.;Via Viglidonica, 30;84095;GIFFONI VALLE PIANA;COMUNE DI GIFFONI VALLE PIANA 100%;;
19913;40,8957;14,2909;Imprese pubbliche locali;c;039 - Societa e fondazioni Partecipate;0392 - Societa e fondazioni a partecipazione sub-regionale;Casoria Ambiente S.p.A.;Via VIII Traversa Circumvallazione Esterna, 7;80026;Casoria;COMUNE DI CASORIA 100%;;
27901;40,7056;14,7023;Imprese pubbliche locali;c;039 - Societa e fondazioni Partecipate;0392 - Societa e fondazioni a partecipazione sub-regionale;METELLIA SERVIZI S.R.L. SOCIETA' UNIPERSONALE IN SIGLA ME.SE. S.R.L.;viale guglielmo marconi, 52;84013;Cava de' Tirreni;COMUNE DI CAVA DE' TIRRENI 100%;;
28662;41,0795;14,3374;Imprese pubbliche locali;c;039 - Societa e fondazioni Partecipate;0392 - Societa e fondazioni a partecipazione sub-regionale;ECOATELLANA MULTISERVIZI S.R.L. SOCIETA' UNIPERSONALE;VIA GEMITO, 16;81030;CASERTA;COMUNE DI SANT'ARPINO 100%;;
28671;41,2337;13,9334;Imprese pubbliche locali;c;021 - Consorzi e Forme associative;0212 - Forme associative di livello sub-regionale;"PARCO REGIONALE ""ROCCAMONFINA - FOCE DEL GARIGLIANO";via San Domenico;81037;SESSA AURUNCA;REGIONE CAMPANIA 100%;;
29030;40,9078;14,2786;Amministrazioni Locali;a;019 - Enti dipendenti;0192 - Enti dipendenti di livello sub-regionale;Consorzio Cimiteriale Tra I Comuni di Casoria Arzano Casavatore;Via Porziano;80022;Arzano;COMUNE DI CASORIA;COMUNE DI ARZANO;COMUNE DI CASAVATORE
28672;40,9489;14,7439;Imprese pubbliche locali;c;021 - Consorzi e Forme associative;0212 - Forme associative di livello sub-regionale;ENTE PARCO REGIONALE PARTENIO;Via Borgonuovo, 25-27;83010;Summonte;REGIONE CAMPANIA 100%;;
17163;40,8322;14,2491;Imprese pubbliche locali;c;039 - Societa e fondazioni Partecipate;0391 - Societa e fondazioni a partecipazione regionale;SCABEC S.r.l. - Societa Campana Beni Culturali;VIA SANTA LUCIA, 81;80132;Napoli;REGIONE CAMPANIA 100%;;
28673;41,1491;14,6384;Imprese pubbliche locali;c;021 - Consorzi e Forme associative;0212 - Forme associative di livello sub-regionale;ENTE PARCO REGIONALE TABURNO CAMPOSAURO;P.zza VITTORIO VENETO;82030;Cautano;REGIONE CAMPANIA 100%;;
17164;40,857;14,2767;Imprese pubbliche locali;c;039 - Societa e fondazioni Partecipate;0391 - Societa e fondazioni a partecipazione regionale;SMA CAMPANIA S.p.A. - Sistemi per la Meteorologia e l'Ambiente;via porzio, 5,;80143;Napoli;REGIONE CAMPANIA 100%;;
28674;40,6503;15,2362;Imprese pubbliche locali;c;021 - Consorzi e Forme associative;0212 - Forme associative di livello sub-regionale;ENTE RISERVA NATURALE FOCE SELE TANAGRO-MONTI EREMITA MARZANO;via Carlo Alberto, 16;84024;Contursi Terme;REGIONE CAMPANIA 100%;;
17167;41,0757;14,3379;Imprese pubbliche locali;c;039 - Societa e fondazioni Partecipate;0391 - Societa e fondazioni a partecipazione regionale;Terra di Lavoro S.p.A.;via ceccano, 24A;81100;Caserta;PROVINCIA DI CASERTA 100%;;
28675;41,3262;14,3918;Imprese pubbliche locali;c;021 - Consorzi e Forme associative;0212 - Forme associative di livello sub-regionale;ENTE PARCO REGIONALE DEL MATESE;Piazza della Vittoria, 31;81016;San Potito Sannitico;REGIONE CAMPANIA 100%;;
17169;40,2306;15,2641;Imprese pubbliche locali;c;039 - Societa e fondazioni Partecipate;0392 - Societa e fondazioni a partecipazione sub-regionale;YELE S.p.A. Vallo della Lucania (SA);LARGO CALCINALI, 3;84078;VALLO DELLA LUCANIA;CONSORZIO PER LA COSTITUZIONE E LA GESTIONE DEGLI IMPIANTI DI SMALTIMENTO DEI RIFIUTI SOLIDI URBANI - CONSORZIO 84,13%;COMUNE DI VALLO DELLA LUCANIA 6,45%;CONSORZIO PER LA COSTITUZIONE E LA GESTIONE DEGLI IMPIANTI DI SMALTIMENTO DEI RIFIUTI SOLIDI URBANI - CONSORZIO 84,13% COMUNE DI VALLO DELLA LUCANIA 6,45%%
28676;40,878;15,186;Imprese pubbliche locali;c;021 - Consorzi e Forme associative;0212 - Forme associative di livello sub-regionale;CONSORZIO DEI SERVIZI SOCIALI ALTA IRPINIA;Via Torricella, 5;83047;Lioni;;;
19903;40,7418;14,568;Imprese pubbliche locali;c;022 - Aziende e istituzioni;0222 - Aziende e istituzioni di livello sub-regionale;Angri Eco Servizi - Azieda speciale di Ente locale;VIA CROCIFISSO, 23;84013;ANGRI;COMUNE DI ANGRI 100%;;
28677;40,6848;14,4886;Imprese pubbliche locali;c;021 - Consorzi e Forme associative;0212 - Forme associative di livello sub-regionale;ENTE PARCO REGIONALE MONTI LATTARI;VIALE IPPOCASTANI;80053;CASTELLAMMARE DI STABIA;REGIONE CAMPANIA 100%;;
28679;40,8107;14,6226;Imprese pubbliche locali;c;021 - Consorzi e Forme associative;0212 - Forme associative di livello sub-regionale;PARCO REGIONALE DEL BACINO IDROGRAFICO DEL FIUME SARNO;Via Lanzara, 27;84087;Sarno;REGIONE CAMPANIA 100%;;
19912;40,5508;14,243;Imprese pubbliche locali;c;039 - Societa e fondazioni Partecipate;0392 - Societa e fondazioni a partecipazione sub-regionale;Capri Servizi S.r.l.;PIAZZA UMBERTO I;80073;CAPRI;COMUNE DI CAPRI 100%;;
28680;41,0242;13,9465;Imprese pubbliche locali;c;021 - Consorzi e Forme associative;0212 - Forme associative di livello sub-regionale;ENTE RISERVE NATURALI REGIONALI FOCE VOLTURNO, COSTA LICOLA E LAGO FALCIANO;Via Giotto, 12;81030;Castel Volturno;REGIONE CAMPANIA 100%;;
28681;40,84;14,2544;Imprese pubbliche locali;c;039 - Societa e fondazioni Partecipate;0392 - Societa e fondazioni a partecipazione sub-regionale;ASSOCIAZIONE TEATRO STABILE DELLA CITTA' DI NAPOLI;Piazza Francese, 46;80133;NAPOLI;COMUNE DI NAPOLI 33,33%;REGIONE CAMPANIA 16,66%;PROVINCIA DI NAPOLI 16,66%
19914;40,8876;14,3413;Imprese pubbliche locali;c;039 - Societa e fondazioni Partecipate;0392 - Societa e fondazioni a partecipazione sub-regionale;Centro Agro-Alimentare di Napoli S.C.p.A.;Via Palazziello;80040;VOLLA;COMUNE DI NAPOLI 70,33%;CAMERA DI COMMERCIO DI NAPOLI 9,09%;INTESA SANPAOLO S.P.A. 6,6%
28748;40,6633;14,4254;Imprese pubbliche locali;c;039 - Societa e fondazioni Partecipate;0392 - Societa e fondazioni a partecipazione sub-regionale;SERVIZI VICOPHARMA S.P.A.;corso Filangieri, 98;80069;VICO EQUENSE;SOC.I.GE.SS.-SOCIETA' INTERCOMUNALE DI GESTIONE SERVIZI SOCIO- SANITARI PER AZIONI IN BREVE: SOC. 70%;COMUNE DI VICO EQUENSE 30%;
19916;40,9452;14,2686;Imprese pubbliche locali;c;021 - Consorzi e Forme associative;0212 - Forme associative di livello sub-regionale;Consorzio Cimiteriale tra i Comuni di Frattamaggiore, Grumo Nevano e Frattaminore;Via Lupoli;80027;FRATTAMAGGIORE;COMUNE DI FRATTAMAGGIORE;COMUNE DI GRUMO NEVANO;COMUNE DI FRATTAMINORE
28971;41,072;14,3345;Amministrazioni Locali;a;019 - Enti dipendenti;0192 - Enti dipendenti di livello sub-regionale;I.R.V.A.T. (Istituto per la valorizzazione e la tutela dei prodotti regionali);Corso Trieste, 133;81100;Caserta;;;
17026;40,8579;14,2766;Amministrazioni Regionali;b;019 - Enti dipendenti;0191 - Enti dipendenti di livello regionale;ACaMIR a Agenzia Campana Mobilita, Infrastrutture e Reti;Via Porzio;80143;NAPOLI;REGIONE CAMPANIA 100%;;
17043;40,5506;14,243;Amministrazioni Regionali;b;019 - Enti dipendenti;0191 - Enti dipendenti di livello regionale;A.A.C.S.T. Capri (NA);PIAZZETTA CERIO, 11;80073;CAPRI;REGIONE CAMPANIA 100%;;
17044;40,7008;14,4843;Amministrazioni Regionali;b;019 - Enti dipendenti;0191 - Enti dipendenti di livello regionale;A.A.C.S.T. Castellammare di Stabia (NA);PIAZZA MATTEOTTI, 34;80053;CASTELLAMMARE DI STABIA;REGIONE CAMPANIA 100%;;
17045;40,7371;13,9491;Amministrazioni Regionali;b;019 - Enti dipendenti;0191 - Enti dipendenti di livello regionale;A.A.C.S.T. Ischia Procida (NA);Via Antonio Sogliuzzo, 72;80077;ISCHIA;REGIONE CAMPANIA 100%;;
17046;40,8215;14,1224;Amministrazioni Regionali;b;019 - Enti dipendenti;0191 - Enti dipendenti di livello regionale;A.A.C.S.T. Pozzuoli (NA);Largo Matteotti, 1/A;80078;POZZUOLI;REGIONE CAMPANIA 100%;;
17047;40,6339;14,6035;Amministrazioni Regionali;b;019 - Enti dipendenti;0191 - Enti dipendenti di livello regionale;A.A.S.T. Amalfi (SA);CORSO REP. MARINARE, 27;84011;AMALFI;REGIONE CAMPANIA 100%;;
17048;40,7001;14,7078;Amministrazioni Regionali;b;019 - Enti dipendenti;0191 - Enti dipendenti di livello regionale;A.A.S.T. Cava dei Tirreni (SA);Corso Umberto I, 208;84013;SALERNO;REGIONE CAMPANIA 100%;;
17049;40,6509;14,6422;Amministrazioni Regionali;b;019 - Enti dipendenti;0191 - Enti dipendenti di livello regionale;A.A.S.T. Maiori (SA);CORSO REGINA, 73;84010;MAIORI;REGIONE CAMPANIA 100%;;
28902;40,8415;14,2556;Imprese pubbliche locali;c;041 - Enti non altrove classificati;0412 - Enti non altrove classificati di livello sub-regionale;CONSORZIO PER LO SVILUPPO E IL TRASFERIMENTO DI TECNOLOGIE E    PER LA REALIZZAZIONE DI SERVIZI NEL;VICO II SAN NICOLA ALLA DOGANA, 9;80133;Napoli;ARCHLIVING SRL;TEST AND MANIFACTURING SRL;ENEA
19920;40,8285;14,1561;Imprese pubbliche locali;c;039 - Societa e fondazioni Partecipate;0392 - Societa e fondazioni a partecipazione sub-regionale;ASIA Napoli S.p.A.;Via Antiniana, 2/A;80078;POZZUOLI;COMUNE DI NAPOLI 100%;;
28903;40,7555;14,6187;Imprese pubbliche locali;c;021 - Consorzi e Forme associative;0212 - Forme associative di livello sub-regionale;CONSORZIO ORTOFRUTTICOLO DELL'AGRO NOCERINO SARNESE - SOCIETA' COOPERATIVA;via mangioni;84016;Pagani;IN LIQUIDAZIONE (29/10/2016);;
19925;40,7052;14,7032;Imprese pubbliche locali;c;021 - Consorzi e Forme associative;0212 - Forme associative di livello sub-regionale;Consorzio di Bacino Salerno 1;Viale Marconi, 55;84013;Cava de' Tirreni;IN LIQUIDAZIONE (04/5/2010);;
28913;40,9229;14,3103;Imprese pubbliche locali;c;039 - Societa e fondazioni Partecipate;0392 - Societa e fondazioni a partecipazione sub-regionale;AFRAGOL@NET S.R.L. UNIPERSONALE;piazza municipio, 1;80021;Afragola;Comune di Afragola 100%;;
19926;40,8579;14,2766;Imprese pubbliche locali;c;021 - Consorzi e Forme associative;0211 - Forme associative di livello regionale;Consorzio per la Ricerca Applicata in Agricoltura;VIA G. PORZIO;80143;NAPOLI;CIRIO RICERCHE;UNIVERSITA' DEGLI STUDI DI SALERNO;UNIVERSITA' DEGLI STUDI FEDERICO II
28914;40,8575;14,2771;Imprese pubbliche locali;c;021 - Consorzi e Forme associative;0212 - Forme associative di livello sub-regionale;ASMENET CAMPANIA SOC. CONS. A R. L.;via G. Porzio, 4;80143;Napoli;COMUNE DI FRATTAMAGGIORE 4,87%;COMUNE DI CASTELLAMMARE 3,27%;
17065;40,845;14,2619;Amministrazioni Locali;a;028 - Autorita ed Enti portuali;0282 - Autorita ed Enti portuali;Autorita Portuale Napoli;PIAZZALE PISACANE;80133;NAPOLI;;;
19933;40,8466;14,2513;Imprese pubbliche locali;c;039 - Societa e fondazioni Partecipate;0391 - Societa e fondazioni a partecipazione regionale;Film Commission Regione Campania S.C.a r.l. Onlus;Calata Trinita Maggiore, 53;80100;NAPOLI;REGIONE CAMPANIA 100%;;
28916;40,7921;14,6008;Imprese pubbliche locali;c;039 - Societa e fondazioni Partecipate;0392 - Societa e fondazioni a partecipazione sub-regionale;SAN VALENTINO SERVIZI;via matteotti , 13;84010;san valentino torio;COMUNE SAN VALENTINO TORIO;;
17066;40,6772;14,7617;Amministrazioni Locali;a;028 - Autorita ed Enti portuali;0282 - Autorita ed Enti portuali;Autorita Portuale Salerno;via Roma, 29;84121;SALERNO;;;
19935;40,5372;15,455;Imprese pubbliche locali;c;039 - Societa e fondazioni Partecipate;0392 - Societa e fondazioni a partecipazione sub-regionale;M.I.D.A. MUSEI INTEGRATI DELL'AMBIENTE;Via Muraglione, 18-20;84030;PERTOSA;;;
28965;40,8477;14,2558;Imprese pubbliche locali;c;039 - Societa e fondazioni Partecipate;0392 - Societa e fondazioni a partecipazione sub-regionale;DIAGNOSTICA E FARMACEUTICA MOLECOLARI SOCIETA' CONSORTILE A RESPONSABILITA' LIMITATA;Via Mezzocannone, 16;80134;Napoli;UNIVERSITA' DEGLI STUDI DI NAPOLI FEDERICO II 37%;CONSIGLIO NAZIONALE DELLE RICERCHE 34%;UNIVERSITA' DEGLI STUDI DI SALERNO 16%
17074;40,9156;14,7964;Amministrazioni Locali;a;026 - Camere di Commercio;0262 - Camere di Commercio;C.C.I.A.A. Avellino;PIAZZA DUOMO, 5;83100;AVELLINO;;;
19936;40,8757;14,2844;Imprese pubbliche locali;c;039 - Societa e fondazioni Partecipate;0391 - Societa e fondazioni a partecipazione regionale;GE.S.A.C. S.p.A. Gestione Servizi Aereoporti Campani;via F. ruffo di Calabria, 10;80144;NAPOLI;SISTEMA AEROPORTUALE CAMPANO S.P.A. 70%;COMUNE DI NAPOLI 12,5%;PROVINCIA DI NAPOLI 12,5%
28969;41,1902;14,6797;Imprese pubbliche locali;c;021 - Consorzi e Forme associative;0212 - Forme associative di livello sub-regionale;G.A.L. TABURNO CONSORZIO;Largo Sant'Erasmo;82030;Torrecuso;;;
17075;41,1297;14,7822;Amministrazioni Locali;a;026 - Camere di Commercio;0262 - Camere di Commercio;C.C.I.A.A. Benevento;PIAZZA IV NOVEMBRE, 1;82100;BENEVENTO;;;
19937;40,8575;14,2771;Imprese pubbliche locali;c;039 - Societa e fondazioni Partecipate;0392 - Societa e fondazioni a partecipazione sub-regionale;GES.EN. Gestioni Energetiche S.p.A.;Via G. Porzio, 4;80014;NAPOLI;CONSORZIO DI BACINO PROVINCIA NAPOLI E CASERTA 53,68%;IMP.RE.GE.CO - IMPIANTI REGIONALI GESTIONE CONSORTILE - A R.L.  46,32%;
28970;41,072;14,3345;Imprese pubbliche locali;c;039 - Societa e fondazioni Partecipate;0392 - Societa e fondazioni a partecipazione sub-regionale;GESTIONE IMPIANTI E SERVIZI ECOLOGICI CASERTANI S.P.A.;Corso Trieste, 133;81100;Caserta;PROVINCIA DI CASERTA 100%;;
17076;41,0697;14,3362;Amministrazioni Locali;a;026 - Camere di Commercio;0262 - Camere di Commercio;C.C.I.A.A. Caserta;VIA ROMA, 75;81100;CASERTA;;;
19939;40,8387;14,2374;Imprese pubbliche locali;c;039 - Societa e fondazioni Partecipate;0391 - Societa e fondazioni a partecipazione regionale;IMAST S.C.a r.l. Ingegneria dei Materiali Polimerici e Strutture;VIA DEL PARCO MARGHERITA, 24;80121;NAPOLI;UNIVERSITA' DEGLI STUDI FEDERICO II 15,47%;ENEA 15,47%;CONSIGLIO NAZIONALE DELLE RICERCHE 15,47%
28979;41,1166;14,7984;Imprese pubbliche locali;c;039 - Societa e fondazioni Partecipate;0391 - Societa e fondazioni a partecipazione regionale;SANNIO AMBIENTE E TERRITORIO S.R.L.;Via Angelo Mazzoni, 19;82100;BENEVENTO;PROVINCIA DI BENEVENTO 100%;;
17077;40,8441;14,2554;Amministrazioni Locali;a;026 - Camere di Commercio;0262 - Camere di Commercio;C.CI.A.A. Napoli;VIA S.ASPRENO,2;80133;NAPOLI;;;
19946;40,8298;14,1966;Imprese pubbliche locali;c;039 - Societa e fondazioni Partecipate;0392 - Societa e fondazioni a partecipazione sub-regionale;Napoli Holding S.r.l.;Via Gianbattista Marino, 1;80125;NAPOLI;COMUNE DI NAPOLI 100%;;
28991;40,7744;14,7897;Imprese pubbliche locali;c;021 - Consorzi e Forme associative;0212 - Forme associative di livello sub-regionale;CENTRO DI RICERCA IN MATEMATICA PURA ED APPLICATA - CONSORZIO;VIA GIOVANNI PAOLO II, 132;84084;salerno;ASPERIENCE SRL;UNIVERSITA' DEGLI STUDI DI SALERNO;PEGASOFT SRL
17078;40,6772;14,7617;Amministrazioni Locali;a;026 - Camere di Commercio;0262 - Camere di Commercio;C.C.I.A.A. Salerno;Via Roma, 29;84121;SALERNO;;;
19947;40,8579;14,2766;Imprese pubbliche locali;c;039 - Societa e fondazioni Partecipate;0392 - Societa e fondazioni a partecipazione sub-regionale;Napoli Servizi S.p.A.;Via G. Porzio Centro Direzionale IS. C1;80143;NAPOLI;COMUNE DI NAPOLI 100%;;
28667;40,8441;14,2554;Amministrazioni Locali;a;026 - Camere di Commercio;0262 - Camere di Commercio;Unione Regionale delle Camere di Commercio, Industria, Artigianato e Agricoltura della Campania;Via Sant'Aspreno, 2;80133;Napoli;;;
17050;40,8371;14,2487;Amministrazioni Regionali;b;019 - Enti dipendenti;0191 - Enti dipendenti di livello regionale;A.A.S.T. Napoli (NA);Piazza Trieste e Trento;80132;NAPOLI;REGIONE CAMPANIA 100%;;
17051;40,4237;15,0064;Amministrazioni Regionali;b;019 - Enti dipendenti;0191 - Enti dipendenti di livello regionale;A.A.S.T. Paestum (SA);Via Magna Grecia, 887;84063;CAPACCIO;REGIONE CAMPANIA 100%;;
17052;40,7485;14,5005;Amministrazioni Regionali;b;019 - Enti dipendenti;0191 - Enti dipendenti di livello regionale;A.A.C.S.T. Pompei (NA);VIA SACRA, 1;80045;POMPEI;REGIONE CAMPANIA 100%;;
17053;40,6285;14,4861;Amministrazioni Regionali;b;019 - Enti dipendenti;0191 - Enti dipendenti di livello regionale;A.A.S.T. Positano (NA);Via Regina Giovanna, 13;84017;POSITANO;REGIONE CAMPANIA 100%;;
17054;40,6774;14,7543;Amministrazioni Regionali;b;019 - Enti dipendenti;0191 - Enti dipendenti di livello regionale;A.A.S.T. Salerno (SA);Via Lungomare Trieste, 7;84121;SALERNO;REGIONE CAMPANIA 100%;;
17055;40,628;14,3746;Amministrazioni Regionali;b;019 - Enti dipendenti;0191 - Enti dipendenti di livello regionale;A.A.S.T. Sorrento Sant'Agnello (NA);VIA LUIGI DE MAIO, 35;80067;SORRENTO;REGIONE CAMPANIA 100%;;
17056;40,6633;14,4252;Amministrazioni Regionali;b;019 - Enti dipendenti;0191 - Enti dipendenti di livello regionale;A.A.C.S.T. Vico Equense (NA);VIA Filangieri, 100;80069;VICO EQUENSE;REGIONE CAMPANIA 100%;;
17057;40,6501;14,6118;Amministrazioni Regionali;b;019 - Enti dipendenti;0191 - Enti dipendenti di livello regionale;A.A.S.T. Ravello;VIA ROMA, 18BIS;84010;RAVELLO;REGIONE CAMPANIA 100%;;
17061;40,857;14,2767;Amministrazioni Regionali;b;019 - Enti dipendenti;0191 - Enti dipendenti di livello regionale;ARPAC Agenzia Regionale per l'Ambiente;VIA G. PORZIO, 5;80143;NAPOLI;REGIONE CAMPANIA 100%;;
17118;40,8939;14,7105;Amministrazioni Regionali;b;019 - Enti dipendenti;0191 - Enti dipendenti di livello regionale;EPT Avellino;corso Vittorio Emanuele, 42;83100;AVELLINO;REGIONE CAMPANIA 100%;;
29027;41,0778;14,2602;Imprese pubbliche locali;c;021 - Consorzi e Forme associative;0211 - Forme associative di livello regionale;AMBITO TERRITORIALE C8;Via Albana;81055;Santa Maria Capua Vetere;;;
19948;40,8403;14,2504;Imprese pubbliche locali;c;039 - Societa e fondazioni Partecipate;0392 - Societa e fondazioni a partecipazione sub-regionale;NAPOLI SOCIALE S.p.A.;piazza municipio, palazzo s.giacomo;80143;NAPOLI;COMUNE DI NAPOLI 100%;;
29036;40,8431;14,2509;Imprese pubbliche locali;c;039 - Societa e fondazioni Partecipate;0392 - Societa e fondazioni a partecipazione sub-regionale;S.A.P. NA. SISTEMA AMBIENTE PROVINCIA DI NAPOLI S.P.A.;P.zza matteotti, 1;80133;Napoli;CITTA' METROPOLITANA DI NAPOLI 100%;;
19955;40,857;14,2767;Imprese pubbliche locali;c;039 - Societa e fondazioni Partecipate;0391 - Societa e fondazioni a partecipazione regionale;SOCIETA' REGIONALE PER LA SANITA' S.P.A. IN BREVE SO.RE.SA. S.P.A.;via porzio, 5;80100;NAPOLI;REGIONE CAMPANIA 100%;;
29082;40,8415;14,2556;Imprese pubbliche locali;c;039 - Societa e fondazioni Partecipate;0392 - Societa e fondazioni a partecipazione sub-regionale;SVILUPPO TECNOLOGIE E RICERCA PER L'EDILIZIA SISMICAMENTE SICURA ED ECOSOSTENIBILE - SOCIETA' CONSOR;VICO II SAN NICOLA ALLA DOGANA, 9;80133;Napoli;UNIVERSITA' DEGLI STUDI FEDERICO II 33,65%;RINA CONSULTING SPA 10,75%;UNIVERSITA' DEGLI STUDI DEL SANNIO 5,37%
19956;40,8035;14,3516;Imprese pubbliche locali;c;039 - Societa e fondazioni Partecipate;0392 - Societa e fondazioni a partecipazione sub-regionale;Stoa S.C.p.A. Istituto di Studi per la Direzione e Gestione di Impresa;Corso Resina, 283;80056;ERCOLANO;PEOPLE & LEARNING SRL;EQUITALIA S.P.A.;CAMERA DI COMMERCIO DI NAPOLI
29356;40,8546;14,249;Imprese pubbliche locali;c;039 - Societa e fondazioni Partecipate;0391 - Societa e fondazioni a partecipazione regionale;SAUIE - S.R.L.;Via Santa Teresa degli Scalzi, 36;80100;NAPOLI;REGIONE CAMPANIA 100%;;
19959;40,8274;14,1716;Imprese pubbliche locali;c;039 - Societa e fondazioni Partecipate;0392 - Societa e fondazioni a partecipazione sub-regionale;Terme di Agnano S.p.A.;VIA AGNANO ASTRONI, 24;80125;NAPOLI;COMUNE DI NAPOLI 100%;;
29358;40,8321;14,2488;Imprese pubbliche locali;c;039 - Societa e fondazioni Partecipate;0391 - Societa e fondazioni a partecipazione regionale;FONDAZIONE ANNALI DELLaARCHITETTURA E DELLE CITTa;Via Santa Lucia;80132;NAPOLI;;;
21597;40,7488;14,5277;Imprese pubbliche locali;c;039 - Societa e fondazioni Partecipate;0392 - Societa e fondazioni a partecipazione sub-regionale;A.C.S.E. S.p.A. Azienda Comunale Servizi Esterni;VIA PIETRO MELCHIADE;84018;SCAFATI;CITTA DI SCAFATI 100%;;
29359;40,8322;14,2491;Imprese pubbliche locali;c;039 - Societa e fondazioni Partecipate;0391 - Societa e fondazioni a partecipazione regionale;CAMPANIA AMBIENTE E SERVIZI S.P.A.;VIA SANTA LUCIA, 81;80132;NAPOLI;REGIONE CAMPANIA 100%;;
21598;40,7427;14,6306;Imprese pubbliche locali;c;039 - Societa e fondazioni Partecipate;0392 - Societa e fondazioni a partecipazione sub-regionale;AGENZIA PER LO SVILUPPO DEL SISTEMA TERRITORIALE DELLA VALLE DEL SARNO S.P.A.;VIA RAFFAELE LIBROIA, 52;84014;Nocera Inferiore;COMUNE DI NOCERA INFERIORE 18,99%;CITTA DI SCAFATI 15,51%;COMUNE DI PAGANI 12,34%
29361;40,8554;14,2244;Imprese pubbliche locali;c;039 - Societa e fondazioni Partecipate;0391 - Societa e fondazioni a partecipazione regionale;FONDAZIONE BIOLOGY FOR MEDICINE aBIO.FOR.MEa;via Pietro Castellino, 111;80131;NAPOLI;;;
21602;40,6992;14,7067;Imprese pubbliche locali;c;039 - Societa e fondazioni Partecipate;0392 - Societa e fondazioni a partecipazione sub-regionale;AUSINO S.p.A. Servizi idrici integrati;VIA ALFONZO BALZICO, 46;84013;Cava de' Tirreni;COMUNE DI SALERNO 17,55%;COMUNE DI CAVA DE' TIRRENI 18,19%;COMUNE DI BARONISSI 7,16%
29362;40,8069;14,3508;Imprese pubbliche locali;c;039 - Societa e fondazioni Partecipate;0391 - Societa e fondazioni a partecipazione regionale;FONDAZIONE C.I.V.E.S.;Via IV Novembre, 44;80056;Ercolano;;;
21603;41,1545;15,0919;Imprese pubbliche locali;c;039 - Societa e fondazioni Partecipate;0392 - Societa e fondazioni a partecipazione sub-regionale;Azienda Mobilita Ufitana S.p.A.;via tribunali;83031;Ariano Irpino;COMUNE DI ARIANO IRPINO 100%;;
29363;40,8364;14,2407;Imprese pubbliche locali;c;039 - Societa e fondazioni Partecipate;0391 - Societa e fondazioni a partecipazione regionale;LA FONDAZIONE CAMPANIA DEI FESTIVAL;VIA GAETANO FILANGIERI, 36;8012;NAPOLI;;;
21604;40,875;14,2192;Imprese pubbliche locali;c;039 - Societa e fondazioni Partecipate;0391 - Societa e fondazioni a partecipazione regionale;CEINGE Biotecnologie Avanzate S.c. a r.l.;VIA GAETANO SALVATORE, 486;80145;Napoli;UNIVERSITA' PER GLI STUDI FEDERICO II 60%;PROVINCIA DI NAPOLI 18,57%;COMUNE DI NAPOLI 9,85%
29364;40,8552;14,2585;Imprese pubbliche locali;c;039 - Societa e fondazioni Partecipate;0391 - Societa e fondazioni a partecipazione regionale;FONDAZIONE DONNAREGINA PER LE ARTI CONTEMPORANEE;Via Settembrini, 79;80139;NAPOLI;;;
21609;41,1151;13,8861;Imprese pubbliche locali;c;039 - Societa e fondazioni Partecipate;0392 - Societa e fondazioni a partecipazione sub-regionale;FARCOM S.p.A;Viale Margherita;81034;Mondragone;COMUNE DI MONDRAGONE 70%;CORVINO LUCIANO 30%;
17119;41,1287;14,7919;Amministrazioni Regionali;b;019 - Enti dipendenti;0191 - Enti dipendenti di livello regionale;EPT Benevento;VIA NICOLA SALA, 31;82030;BENEVENTO;REGIONE CAMPANIA 100%;;
17120;41,073;14,323;Amministrazioni Regionali;b;019 - Enti dipendenti;0191 - Enti dipendenti di livello regionale;EPT Caserta;Viale Douhet, 2;81100;Caserta;REGIONE CAMPANIA 100%;;
17121;40,8579;14,2766;Amministrazioni Regionali;b;019 - Enti dipendenti;0191 - Enti dipendenti di livello regionale;EPT Napoli;via Porzio;80143;NAPOLI;REGIONE CAMPANIA 100%;;
17122;40,6772;14,7632;Amministrazioni Regionali;b;019 - Enti dipendenti;0191 - Enti dipendenti di livello regionale;EPT Salerno;Via Velia, 15;84125;SALERNO;REGIONE CAMPANIA 100%;;
17153;40,8322;14,2491;Amministrazioni Regionali;b;017 - Amministrazione Regionale;0171 - Amministrazione Regionale;Regione Campania;Via Santa Lucia, 81;80132;Napoli;;;
19927;41,13;14,7792;Amministrazioni Regionali;b;019 - Enti dipendenti;0191 - Enti dipendenti di livello regionale;A.Di.S.U. Benevento;Via Tenente Pellegrini;82100;BENEVENTO;REGIONE CAMPANIA 100%;;
19928;41,0771;14,3314;Amministrazioni Regionali;b;019 - Enti dipendenti;0191 - Enti dipendenti di livello regionale;A.Di.S.U. Caserta;Corso P.Giannone, 50-52;81100;CASERTA;REGIONE CAMPANIA 100%;;
19929;40,8421;14,256;Amministrazioni Regionali;b;019 - Enti dipendenti;0191 - Enti dipendenti di livello regionale;"A.Di.S.U.""Federico II"" - Napoli";Via Alcide de Gasperi, 45;80133;NAPOLI;REGIONE CAMPANIA 100%;;
19930;40,8445;14,2589;Amministrazioni Regionali;b;019 - Enti dipendenti;0191 - Enti dipendenti di livello regionale;"A.Di.S.U. ""L'Orientale"" - Napoli";Traversa Nuova Marina, 5;80133;NAPOLI;REGIONE CAMPANIA 100%;;
19931;40,7708;14,7948;Amministrazioni Regionali;b;019 - Enti dipendenti;0191 - Enti dipendenti di livello regionale;A.Di.S.U. Salerno;Via della Tecnica, 1;84084;FISCIANO;REGIONE CAMPANIA 100%;;
29365;40,8322;14,2491;Imprese pubbliche locali;c;039 - Societa e fondazioni Partecipate;0391 - Societa e fondazioni a partecipazione regionale;FONDAZIONE IFEL CAMPANIA a aISTITUTO PER LA FINANZA E LaECONOMIA LOCALE DELLA CAMPANIAa;VIA Santa LUCIA, 81;80132;NAPOLI;;;
21610;40,2997;15,074;Imprese pubbliche locali;c;039 - Societa e fondazioni Partecipate;0392 - Societa e fondazioni a partecipazione sub-regionale;Farmacia Comunale di Rutino;Via Paestum, 8;84070;Rutino;DONATO SCARPA 99%;COMUNE DI RUTINO 1%;
29366;40,8492;14,2691;Imprese pubbliche locali;c;039 - Societa e fondazioni Partecipate;0391 - Societa e fondazioni a partecipazione regionale;ENTE AUTONOMO VOLTURNO S.R.L.;CORSO GARIBALDI, 387;80141;NAPOLI;REGIONE CAMPANIA 100%;;
21612;40,7428;13,942;Imprese pubbliche locali;c;039 - Societa e fondazioni Partecipate;0392 - Societa e fondazioni a partecipazione sub-regionale;GENESIS S.R.L.;Via IASOLINO, 1;80077;Napoli;COMUNE DI ISCHIA 51%;M.T. SPA 49%;
29367;40,8325;14,2485;Imprese pubbliche locali;c;039 - Societa e fondazioni Partecipate;0391 - Societa e fondazioni a partecipazione regionale;FONDAZIONE POL.I.S. - POLITICHE INTEGRATE DI SICUREZZA;via Raffaele De Cesare,28;80132;NAPOLI;;;
21616;40,8229;14,3586;Imprese pubbliche locali;c;039 - Societa e fondazioni Partecipate;0392 - Societa e fondazioni a partecipazione sub-regionale;Leucopetra S.p.A.;VIA BENEDETTO COZZOLINO, 39;80056;Ercolano;COMUNE DI PORTICI 99%;COMUNE DI SAN SEBASTIANO AL VESUVIO 0,5%;COMUNE DI MASSA DI SOMMA 0,5%
29368;40,94;14,5227;Imprese pubbliche locali;c;039 - Societa e fondazioni Partecipate;0391 - Societa e fondazioni a partecipazione regionale;FONDAZIONE PREMIO CIMITILE;Via Nazionale delle Puglie, 3;80030;CIMITILE;;;
21621;40,8618;14,3349;Imprese pubbliche locali;c;039 - Societa e fondazioni Partecipate;0392 - Societa e fondazioni a partecipazione sub-regionale;Net Service S.r.l.;Via Argine, 929;80100;Napoli;ABC - ACQUA BENE COMUNE NAPOLI 100%;;
29369;40,7419;13,9349;Imprese pubbliche locali;c;039 - Societa e fondazioni Partecipate;0391 - Societa e fondazioni a partecipazione regionale;"FONDAZIONE ""PREMIO ISCHIA - GIUSEPPE VALENTINO""";Via Quercia, 64;80074;CASAMICCIOLA TERME;;;
21622;40,7375;14,6562;Imprese pubbliche locali;c;039 - Societa e fondazioni Partecipate;0392 - Societa e fondazioni a partecipazione sub-regionale;NOCERA MULTISERVIZI S.p.A.;via alveo s.croce;84014;Nocera inferiore;COMUNE DI NOCERA INFERIORE 100%;;
29370;40,7744;14,7897;Imprese pubbliche locali;c;039 - Societa e fondazioni Partecipate;0391 - Societa e fondazioni a partecipazione regionale;FONDAZIONE UNIVERSITARIA DELLaUNIVERSITa DI SALERNO;Via Giovanni Paolo II, 132;84084;FISCIANO;;;
21624;40,7045;14,7742;Imprese pubbliche locali;c;039 - Societa e fondazioni Partecipate;0392 - Societa e fondazioni a partecipazione sub-regionale;Pellezzano Servizi S.r.l.;Via della quercia, 62/B;84080;Pellezzano;COMUNE DI PELLEZZANO 100%;;
21625;40,6239;14,3763;Imprese pubbliche locali;c;039 - Societa e fondazioni Partecipate;0392 - Societa e fondazioni a partecipazione sub-regionale;Penisolaverde S.p.A.;Viale degli Aranci, 35;80067;Sorrento;COMUNE DI SORRENTO 68,42%;COMUNE DI PIANO DI SORRENTO 31,58%;
21626;40,6336;14,852;Imprese pubbliche locali;c;039 - Societa e fondazioni Partecipate;0392 - Societa e fondazioni a partecipazione sub-regionale;ARECHI MULTISERVICE S.P.A.;Viale Andrea De Luca, 22/l;84131;Salerno;PROVINCIA DI SALERNO 100%;;
21629;40,743;14,6323;Imprese pubbliche locali;c;039 - Societa e fondazioni Partecipate;0392 - Societa e fondazioni a partecipazione sub-regionale;Agenzia Locale di Sviluppo della Valle del Sarno Patto dell'Agro S.p.A.;Via Libroia, 12;84014;Nocera Inferiore;AMMINISTRAZIONE PROVINCIALE DI SALERNO 22,9%;COMUNE DI NOCERA INFERIORE 16,5%;CITTA DI SCAFATI 10,78%
21632;41,0203;13,9521;Imprese pubbliche locali;c;039 - Societa e fondazioni Partecipate;0392 - Societa e fondazioni a partecipazione sub-regionale;Volturno Multiutility S.p.A.;via Domitiana km. 30,150, 96/98,;81030;Castel Volturno;COMUNE DI CASTEL VOLTURNO 100%;;
20392;40,8491;14,2591;Amministrazioni Regionali;b;019 - Enti dipendenti;0191 - Enti dipendenti di livello regionale;Autorita di bacino del Sarno (ridenominata Autorita di bacino Regionale della Campania Centrale);Piazzetta Giustino Fortunato,10;80138;NAPOLI;REGIONE CAMPANIA 100%;;
27903;40,5508;14,243;Amministrazioni Regionali;b;019 - Enti dipendenti;0191 - Enti dipendenti di livello regionale;P.T.C. PORTO TURISTICO DI CAPRI S.P.A.;Piazza Umberto I;80070;capri;comune di capri 100%;;
28678;40,8488;14,2939;Amministrazioni Regionali;b;019 - Enti dipendenti;0191 - Enti dipendenti di livello regionale;"A.DI.S.U. ""PARTHENOPE - AZIENDA REGIONALE PER IL DIRITTO ALLO STUDIO UNIVERSITARIO";VIA Galileo Ferraris, 273;80146;NAPOLI;REGIONE CAMPANIA 100%;;
29025;40,8398;14,2424;Amministrazioni Regionali;b;019 - Enti dipendenti;0191 - Enti dipendenti di livello regionale;A.Di.S.U. Azienda per Il Diritto allo Studio Universitario Universita' Degli Studi Suor Orsola Benin;Via Suor Orsola, 10;80135;Napoli;REGIONE CAMPANIA 100%;;
29029;40,8579;14,2766;Amministrazioni Regionali;b;019 - Enti dipendenti;0191 - Enti dipendenti di livello regionale;Autorita di Bacino Regionale di Campania Sud Ed Interregionale per Il Bacino Idrografico del Fiume S;Via G. Porzio;80143;Napoli;REGIONE CAMPANIA 100%;;
29077;40,8225;14,5989;Amministrazioni Regionali;b;019 - Enti dipendenti;0191 - Enti dipendenti di livello regionale;ARCADIS;Via Ingegno;84087;Sarno;IN LIQUIDAZIONE (L.R. 38/2016);;
29360;40,8322;14,2491;Amministrazioni Regionali;b;019 - Enti dipendenti;0191 - Enti dipendenti di livello regionale;AGENZIA REGIONALE UNIVERSIADI 2019;Via Santa Lucia, 81;80132;NAPOLI;REGIONE CAMPANIA 100%;;
17027;40,9373;14,8215;Imprese pubbliche locali;c;039 - Societa e fondazioni Partecipate;0392 - Societa e fondazioni a partecipazione sub-regionale;A.IR. S.p.A Autoservizi Irpini . Avellino;via Fasano;83100;AVELLINO;REGIONE CAMPANIA 99,99%;COMUNE DI MERCOGLIANO 0,01%;
17028;41,1199;14,7781;Imprese pubbliche locali;c;039 - Societa e fondazioni Partecipate;0392 - Societa e fondazioni a partecipazione sub-regionale;A.M.T.S. Azienda Mobilita Trasporti Sannio S.p.A.;Via S. Colomba, 139;82100;BENEVENTO;COMUNE DI BENEVENTO 100%;;
17029;40,8298;14,1966;Imprese pubbliche locali;c;039 - Societa e fondazioni Partecipate;0392 - Societa e fondazioni a partecipazione sub-regionale;A.N.M. S.p.A.- Azienda Napoletana Mobilita;VIA G.B. MARINO, 1;80125;NAPOLI;NAPOLI HOLDING S.R.L. 100%;;
21996;40,814;14,6201;Imprese pubbliche locali;c;021 - Consorzi e Forme associative;0212 - Forme associative di livello sub-regionale;COFASER - Consorzio Farmacie Servizi;Piazza IV Novembre;84087;SARNO;COMUNE MERCATO SAN SEVERINO;COMUNE DI SARNO;
21997;40,6182;15,0546;Imprese pubbliche locali;c;039 - Societa e fondazioni Partecipate;0392 - Societa e fondazioni a partecipazione sub-regionale;Eboli Multiservizi S.p.A.;Via Matteo Ripa, 49;84025;EBOLI;COMUNE DI EBOLI 100%;;
21998;40,7089;13,9173;Imprese pubbliche locali;c;039 - Societa e fondazioni Partecipate;0392 - Societa e fondazioni a partecipazione sub-regionale;Barano Multiservizi S.p.A.;Via Corrado Buono, 15;80070;Barano d'Ischia;COMUNE DI BARANO D'ISCHIA 100%;;
21999;40,9237;14,3101;Imprese pubbliche locali;c;039 - Societa e fondazioni Partecipate;0392 - Societa e fondazioni a partecipazione sub-regionale;CITTA' DEL FARE S.C.p.A.;VIA SANTA MARIA, 2;80021;afragola;COMUNE DI AFRAGOLA 15,83%;PROVINCIA DI NAPOLI 15,22%;COMUNE DI ACERRA 11,55%
22000;40,6927;15,2383;Imprese pubbliche locali;c;039 - Societa e fondazioni Partecipate;0392 - Societa e fondazioni a partecipazione sub-regionale;La.S.A.T. S.r.l.;Via Ponte Oliveto;84020;Oliveto Citra;COMUNE DI OLIVETO CITRA (PROVINCIA DI SALERNO) 100%;;
26183;40,8322;14,2491;Imprese pubbliche locali;c;039 - Societa e fondazioni Partecipate;0391 - Societa e fondazioni a partecipazione regionale;"CITHEF - SOCIETA' CONSORTILE A RESPONSABILITA' LIMITATA"" O IN F ORMA ABBREVIATA ""CITHEF S.C. A R.L.""";via S.LUCIA, 81;80132;Napoli;REGIONE CAMPANIA 98,31%;THEMA S.R.L. 0,77%;
26184;40,8505;14,2635;Imprese pubbliche locali;c;039 - Societa e fondazioni Partecipate;0391 - Societa e fondazioni a partecipazione regionale;Trianon Viviani S.p.A.;P.zza Calenda, 9;80139;NAPOLI;REGIONE CAMPANIA 71,75%;PROVINCIA DI NAPOLI 28,25%;
26186;40,6159;14,9162;Imprese pubbliche locali;c;021 - Consorzi e Forme associative;0212 - Forme associative di livello sub-regionale;Aereoporto Salerno-Pontecagnano;Via Olmo;84131;PONTECAGNANO FAIANO;REGIONE CAMPANIA 68,52%;REGIONE BASILICATA 19,36%;CAMERA DI COMMERCIO DI SALERNO 9,94%
26188;41,0093;14,1046;Imprese pubbliche locali;c;039 - Societa e fondazioni Partecipate;0392 - Societa e fondazioni a partecipazione sub-regionale;Agrorinasce S.c.r.l.;Corso Umberto I, 882;81036;San Cipriano d'Aversa;COMUNE DI CASAL DI PRINCIPE 16,67%;COMUNE DI CASAPESENNA 16,67%;COMUNE DI SAN CIPRIANO D'AVERSA 16,67%
26978;40,6209;14,9202;Imprese pubbliche locali;c;039 - Societa e fondazioni Partecipate;0392 - Societa e fondazioni a partecipazione sub-regionale;Aeroporto di Salerno S.p.A.;Via Olmo;84092;BELLIZZI;CONSORZIO AEROPORTO SALERNO-PONTECAGNANO S.C.R.L. 99,94%;CAMERA DI COMMERCIO DI SALERNO 0,06%;
17031;40,8618;14,3349;Imprese pubbliche locali;c;022 - Aziende e istituzioni;0222 - Aziende e istituzioni di livello sub-regionale;ABC - ACQUA BENE COMUNE NAPOLI;Via Argine, 929;80147;NAPOLI;COMUNE DI NAPOLI 100%;;
17034;41,1282;14,7776;Imprese pubbliche locali;c;039 - Societa e fondazioni Partecipate;0392 - Societa e fondazioni a partecipazione sub-regionale;A.S.I.A. Benevento S.p.A.;VIA DELLE PUGLIE,28/I;82100;BENEVENTO;COMUNE DI BENEVENTO 100%;;
17036;40,6427;14,8433;Imprese pubbliche locali;c;022 - Aziende e istituzioni;0222 - Aziende e istituzioni di livello sub-regionale;A.S.I.S. Salernitana Reti ed Impianti S.p.A.;Via R. WENNER, 61;84100;SALERNO;COMUNE DI SALERNO 33,2%;COMUNE DI BATTIPAGLIA 11,1%;COMUNE DI EBOLI 9,3%
17040;40,8334;14,2514;Imprese pubbliche locali;c;021 - Consorzi e Forme associative;0211 - Forme associative di livello regionale;A.T.O. 2 Napoli Volturno;VIA CESARIO CONSOLE, 3;80132;NAPOLI;IN GESTIONE COMMISSARIALE (L.R. 15/2015);;
17041;40,8488;14,2593;Imprese pubbliche locali;c;021 - Consorzi e Forme associative;0211 - Forme associative di livello regionale;A.T.O. 3 Sarnese Vesuviano;Via del Gande Archivio;80133;NAPOLI;COMUNE DI PORTICI 4,62%;COMUNE DI CASTELLAMMARE DI STABIA 4,62 %;COMUNE DI SAN GIORGIO A CREMANO 4,2%
17042;40,6539;14,8131;Imprese pubbliche locali;c;021 - Consorzi e Forme associative;0211 - Forme associative di livello regionale;A.T.O. 4 Sele;Viale G. Verdi, 23/L;84131;SALERNO;COMUNE DI CAVA DEI TIRRENI 6,35%;COMUNE DI BATTIPAGLIA 5,94%;COMUNE DI PONTECAGNANO FAIANO 2,96%
17058;40,9129;14,7896;Imprese pubbliche locali;c;021 - Consorzi e Forme associative;0212 - Forme associative di livello sub-regionale;Alto Calore Servizi S.p.A. Avellino;Corso Europa, 41;83100;AVELLINO;PROVINCIA DI AVELLINO 10,66%;ISTITUZIONE TEATRO COMUNALE CARLO GESUALDO 10,37%;COMUNE DI ARIANO IRPINO 2,3%
17067;40,8575;14,2771;Imprese pubbliche locali;c;039 - Societa e fondazioni Partecipate;0392 - Societa e fondazioni a partecipazione sub-regionale;Autostrade Meridionali S.p.A.;VIA G.PORZIO, 4;80143;NAPOLI;EDIZIONE SRL 58,98%;MALVESTIO MASSIMO 5,74%;
17068;40,9102;14,3905;Imprese pubbliche locali;c;022 - Aziende e istituzioni;0222 - Aziende e istituzioni di livello sub-regionale;Azienda Spec. A.S.M. Pomigliano d'Arco;Via Fiume, 56;80038;POMIGLIANO D'ARCO;COMUNE DI POMIGLIANO D'ARCO 100%;;
26979;40,4699;15,4839;Imprese pubbliche locali;c;039 - Societa e fondazioni Partecipate;0392 - Societa e fondazioni a partecipazione sub-regionale;AGEAS Salerno S.C.a r.l.;Piazza D. Pica, 80;84037;Sant'Arsenio;AG S.R.L. 53,33%;PROVINCIA DI SALERNO 15%;GRECO ANGELO 13,33%
26980;40,9479;14,5278;Imprese pubbliche locali;c;039 - Societa e fondazioni Partecipate;0392 - Societa e fondazioni a partecipazione sub-regionale;Agenzia locale di sviluppo dei comuni dell'Area Nolana S.C.p.A.;VIA TRIVICE D'OSSA;80030;CAMPOSANO;COMUNE DI NOLA 18,43%;COMUNE DI MARGIGLIANO 17,06%;COMUNE DI SAVIANO 8,38%
26982;40,5511;14,2172;Imprese pubbliche locali;c;039 - Societa e fondazioni Partecipate;0392 - Societa e fondazioni a partecipazione sub-regionale;Anacapri Servizi S.r.l.;Via Caprile, 30;80071;NAPOLI;COMUNE DI ANACAPRI 100%;;
26988;41,1315;14,7778;Imprese pubbliche locali;c;039 - Societa e fondazioni Partecipate;0392 - Societa e fondazioni a partecipazione sub-regionale;Cerict S.C.a r.l.;via traiano, 3;82100;BENEVENTO;UNIVERSITA' DEGLI STUDI DI NAPOLI FEDERICO II DI NAPOLI 33,88%;UNIVERSITA' DEGLI STUDI DEL SANNIO 23,8%;UNIVERSITA' DEGLI STUDI DI SALERNO 16%
26989;40,4547;14,9893;Imprese pubbliche locali;c;039 - Societa e fondazioni Partecipate;0392 - Societa e fondazioni a partecipazione sub-regionale;CST Sistemi Sud S.r.l.;VIALE DELLA REPUBBLICA, 8;84047;CAPACCIO;COMUNE DI CAPACCIO 27,07%;COMUNE DI AGROPOLI 27,07%;COMUNE DI SALERNO 19,41%
26990;40,7702;14,7992;Imprese pubbliche locali;c;039 - Societa e fondazioni Partecipate;0392 - Societa e fondazioni a partecipazione sub-regionale;Fisciano Sviluppo S.p.A.;Piazza Umbero I, 1;84084;FISCIANO;COMUNE DI FISCIANO 100%;;
26991;41,2569;14,6;Imprese pubbliche locali;c;039 - Societa e fondazioni Partecipate;0392 - Societa e fondazioni a partecipazione sub-regionale;Gal Titerno S.C.a r.l.;VIA MUNICIPIO, 1;82034;GUARDIA SANFRAMONDI;CONFEDERAZIONE ITALIANA AGRICOLTORI PROVINCIA DI BENEVENTO 21,91%;CAMERA DI COMMERCIO DI BENEVENTO 8,71%;PROVINCIA DI BENEVENTO 6,53%
26994;40,8431;14,2509;Imprese pubbliche locali;c;039 - Societa e fondazioni Partecipate;0392 - Societa e fondazioni a partecipazione sub-regionale;AGENZIA DI SVILUPPO DELL'AREA METROPOLITANA DI NAPOLI SPA;Piazza Matteotti, 1;80133;NAPOLI;PROVINCIA DI NAPOLI 100%;;
26995;40,4229;15,0805;Imprese pubbliche locali;c;039 - Societa e fondazioni Partecipate;0392 - Societa e fondazioni a partecipazione sub-regionale;MAGNA GRAECIA SVILUPPO S.CONS. A R.L.;Via Vittorio Emanuele, 1;84047;CAPACCIO;COMUNE DI CAPACCIO 16,26%;COMUNE DI AGROPOLI 15,63%;CAMERA DI COMMERCIO DI SALERNO 14%
27000;40,6436;14,4127;Imprese pubbliche locali;c;039 - Societa e fondazioni Partecipate;0392 - Societa e fondazioni a partecipazione sub-regionale;Patto Territoriale della Penisola Sorrentina S.C.p.A;VIA MUNICIPIO, 13;80062;Meta;PROVINCIA DI NAPOLI 9,57%;COMUNE DI MASSALUBRESE 9,57%;COMUNE DI SORRENTO 9,57%
17070;40,7417;14,6302;Imprese pubbliche locali;c;021 - Consorzi e Forme associative;0211 - Forme associative di livello regionale;Consorzio Bonifica Integrale Comprensorio Sarno (SA);Via Atzori;84014;NOCERA INFERIORE;;;
17071;41,2406;13,9328;Imprese pubbliche locali;c;021 - Consorzi e Forme associative;0211 - Forme associative di livello regionale;Consorzio Bonifica Aurunco (CE);VIA DELLE TERME, 8;81037;SESSA AURUNCA;;;
17072;41,0699;14,3352;Imprese pubbliche locali;c;021 - Consorzi e Forme associative;0211 - Forme associative di livello regionale;Consorzio Bon. Bacino Inferiore Volturno (CE);VIA ROMA, 80;81100;CASERTA;;;
17073;40,4541;15,012;Imprese pubbliche locali;c;021 - Consorzi e Forme associative;0211 - Forme associative di livello regionale;Consorzio Bonifica Paestum (SA);VIA MAGNA GRAECIA, 341;84047;CAPACCIO;;;
17079;41,1224;14,1744;Imprese pubbliche locali;c;039 - Societa e fondazioni Partecipate;0391 - Societa e fondazioni a partecipazione regionale;C.I.R.A. S.C.p.A. Centro Italiano Ricerche Aerospaziali;VIA MAIORISE;81043;CAPUA;A.S.I. AGENZIA SPAZIALE ITALIANA 47,18%;CONSORZIO ASI 15,86%;ALENIA AERMACCHI S.P.A. 11,67%
17082;40,9157;14,2784;Imprese pubbliche locali;c;039 - Societa e fondazioni Partecipate;0392 - Societa e fondazioni a partecipazione sub-regionale;C.T.P. Compagnia Trasporti Pubblici S.p.A. (NA);CORSO D'AMATO, 51;80022;Arzano;CITTA' METROPOLITANA DI NAPOLI 100%;;
17085;40,9373;14,8215;Imprese pubbliche locali;c;039 - Societa e fondazioni Partecipate;0392 - Societa e fondazioni a partecipazione sub-regionale;Compagnia Trasporti Irpini - ATI S.p.A.;VIA FASANO;83100;AVELLINO;AUTOSERVIZI IRPINI S.P.A. IN SIGLA ABBREVIATA A.IR. S.P.A. 99,5%;COMUNE DI MERCOGLIANO 0,5%;
17086;40,9217;14,7895;Imprese pubbliche locali;c;022 - Aziende e istituzioni;0222 - Aziende e istituzioni di livello sub-regionale;Consorzio A.S.I. Avellino;via capozzi enrico, 45;83100;AVELLINO;;;
17087;41,146;14,835;Imprese pubbliche locali;c;022 - Aziende e istituzioni;0222 - Aziende e istituzioni di livello sub-regionale;Consorzio A.S.I. Benevento;LOCALITA' PONTE VALENTINO, 26;82100;BENEVENTO;;;
17088;41,0654;14,3228;Imprese pubbliche locali;c;022 - Aziende e istituzioni;0222 - Aziende e istituzioni di livello sub-regionale;Consorzio A.S.I. Caserta;viale Enrico Mattei, 36;81100;CASERTA;;;
27003;41,0472;14,7606;Imprese pubbliche locali;c;039 - Societa e fondazioni Partecipate;0392 - Societa e fondazioni a partecipazione sub-regionale;Patto Territoriale sviluppo 2000 Valle del Sabato S.C.p.A;VIA CRETAZZO;82014;CEPPALONI;COMUNE DI CEPPALONI 36,25%;ITAL PRINT S..R.L.. 15,15%;PROVINCIA DI BENEVENTO 12,63%
27006;41,1262;14,7898;Imprese pubbliche locali;c;039 - Societa e fondazioni Partecipate;0392 - Societa e fondazioni a partecipazione sub-regionale;Sannio Europa S.C.p.A;VIALE MELLUSI, 68;82100;BENEVENTO;PROVINCIA DI BENEVENTO 85,47%;COMUNE DI PIETRELCINA 2,18%;COMUNITA' MONTANA TITERNO ALTO TAMMARO 2,14%
27007;40,2323;15,2707;Imprese pubbliche locali;c;039 - Societa e fondazioni Partecipate;0392 - Societa e fondazioni a partecipazione sub-regionale;Sistema Cilento S.C.p.A. - Societa' per la gestione del patto territoriale del Sistema Cilento;via MICHELANGELO MAINENTE, 9;84078;VALLO DELLA LUCANIA;CONSORZIO IRRIGUO DI MIGLIORAMENTO FONDIARIO 6,83%;PARCO NAZIONALE DEL CILENTO E VALLO DI DIANO 6,57%;PROVINCIA DI SALERNO 6,57%
27009;40,8365;14,8321;Imprese pubbliche locali;c;039 - Societa e fondazioni Partecipate;0392 - Societa e fondazioni a partecipazione sub-regionale;Solofra Service S.r.l.;VIA MELITO IANGANO;83029;SOLOFRA;CONSORZIO PER L'AREA DI SVILUPPO INDUSTRIALE DELLA PROVINCIA DI AVELLINO CON SIGLA ABBREVIATA ASI - AVELLINO 98%;COMUNE DI SOLOFRA 2%;
27011;40,6924;15,2371;Imprese pubbliche locali;c;039 - Societa e fondazioni Partecipate;0392 - Societa e fondazioni a partecipazione sub-regionale;SVILUPPO SELE TANAGRO S.R.L.;Via Ponte Oliveto, 1;84020;OLIVETO CITRA;PROVINCIA DI SALERNO 16,16%;COMUNE DI CAMPAGNA 15,42%;COMUNE DI SAN GREGORIO MAGNO 6,99%
27013;40,3347;15,6503;Imprese pubbliche locali;c;039 - Societa e fondazioni Partecipate;0392 - Societa e fondazioni a partecipazione sub-regionale;V.D.&B. S.p.A. - Societa' di gestione del Patto Territoriale per lo sviluppo del territorio del Buss;Viale Certosa;84034;PADULA;PROVINCIA DI SALERNO 45,6%;CENTRO SPORTIVO MERIDIONALE BACINO SA3 - CONSORZIO 15,12%;PARCO NAZIONALE DEL CILENTO E VALLO DI DIANO 7,06%
27014;40,8626;14,6484;Imprese pubbliche locali;c;039 - Societa e fondazioni Partecipate;0392 - Societa e fondazioni a partecipazione sub-regionale;Vallo di Lauro Sviluppo S.p.A.;PIAZZA MUNICIPIO;83023;LAURO;SABESA S.P.A. 23%;COMUNE DI LAURO 21%;COMUNE DI QUINDICI 10%
27015;41,2018;15,1378;Imprese pubbliche locali;c;039 - Societa e fondazioni Partecipate;0392 - Societa e fondazioni a partecipazione sub-regionale;BIOGEM S.C.a r.l.;Via Camporeale;83031;ARIANO IRPINO;CAMERA DI COMMERCIO DI AVELLINO 15,79%;"STAZIONE ZOOLOGICA  ""ANTON DOHRN"" 15,79%";UNIVERSITA' DEGLI STUDI SUOR ORSOLA BENINCASA - NAPOLI 10,53%
27051;40,7653;14,0242;Imprese pubbliche locali;c;039 - Societa e fondazioni Partecipate;0392 - Societa e fondazioni a partecipazione sub-regionale;S.A.P. S.r.l. - Societa Acqua Procida;Via Liberta, 12;80079;Procida;COMUNE DI PROCIDA 100%;;
27058;40,907;14,3739;Imprese pubbliche locali;c;039 - Societa e fondazioni Partecipate;0392 - Societa e fondazioni a partecipazione sub-regionale;ENAM S.p.A.;Via Nazionale delle Puglie, 161;80038;Pomigliano d'Arco;COMUNE DI POMIGLIANO D'ARCO 100%;;
17089;40,8326;14,2435;Imprese pubbliche locali;c;022 - Aziende e istituzioni;0222 - Aziende e istituzioni di livello sub-regionale;Consorzio A.S.I. Napoli;VIA DOMENICO MORELLI, 75;80121;NAPOLI;;;
17090;40,6539;14,8131;Imprese pubbliche locali;c;022 - Aziende e istituzioni;0222 - Aziende e istituzioni di livello sub-regionale;Consorzio A.S.I. Salerno;VIALE GIUSEPPE VERDI, 23/G;84131;SALERNO;;;
17093;40,857;14,2767;Imprese pubbliche locali;c;021 - Consorzi e Forme associative;0211 - Forme associative di livello regionale;Consorzio Bonifica Conca di Agnano e dei Bacini Flegrei (NA);via porzio, 5;80143;NAPOLI;;;
17094;40,6764;14,7675;Imprese pubbliche locali;c;021 - Consorzi e Forme associative;0211 - Forme associative di livello regionale;Consorzio Bonifica destra Sele (SA);CORSO VITTORIO EMANUELE, 143;84123;SALERNO;;;
17095;40,8575;14,2771;Imprese pubbliche locali;c;021 - Consorzi e Forme associative;0211 - Forme associative di livello regionale;Consorzio Bonifica Paludi Napoli e Volla (NA);via G. Porzio, 4;80143;NAPOLI;;;
17096;41,3541;14,3732;Imprese pubbliche locali;c;021 - Consorzi e Forme associative;0211 - Forme associative di livello regionale;Consorzio Bonifica Sannio Alifano (CE);VIALE DELLA LIBERTA, 61;81016;PIEDIMONTE MATESE;;;
17097;41,0692;15,0616;Imprese pubbliche locali;c;021 - Consorzi e Forme associative;0211 - Forme associative di livello regionale;Consorzio Bonifica Ufita (AV);VIA ALDO MORO, 58;83035;GROTTAMINARDA;;;
17098;40,3995;15,5942;Imprese pubbliche locali;c;021 - Consorzi e Forme associative;0211 - Forme associative di livello regionale;Consorzio Bonifica Vallo di Diano (SA);VIA MEZZACAPO, 39;84036;SALA CONSILINA;COMMISSARIO STRAORDINARIO;;
17099;40,4242;15,4973;Imprese pubbliche locali;c;021 - Consorzi e Forme associative;0212 - Forme associative di livello sub-regionale;Consorzio Centro Sportivo Meridionale Bacino Salerno 3;Via CAMERINO;84030;SAN RUFO;COMUNE DI POLLA 9,9%;COMUNE DI TEGGIANO 7,3%;COMUNE DI SAN RUFO 3,3%
17100;40,6752;14,7704;Imprese pubbliche locali;c;021 - Consorzi e Forme associative;0212 - Forme associative di livello sub-regionale;Consorzio Comuni Bacino Salerno 2;Via L. De Bartolomeis, 11;84132;SALERNO;IN LIQUIDAZIONE;;
27060;40,7428;13,942;Imprese pubbliche locali;c;039 - Societa e fondazioni Partecipate;0392 - Societa e fondazioni a partecipazione sub-regionale;Ischia Risorsa Mare S.r.l.;Via Iasolino, 1;80077;Ischia;COMUNE DI ISCHIA 100%;;
27061;41,0751;14,2776;Imprese pubbliche locali;c;039 - Societa e fondazioni Partecipate;0392 - Societa e fondazioni a partecipazione sub-regionale;Appia Servizi S.r.l.;Corso Piave, 92;81040;CURTI;COMUNE DI CURTI 50%;COMUNE DI MACERATA CAMPANIA 50%;
27064;40,8554;14,2826;Imprese pubbliche locali;c;039 - Societa e fondazioni Partecipate;0392 - Societa e fondazioni a partecipazione sub-regionale;INCO.FARMA S.p.A.;VIA TADDEO DA SESSA;80143;Napoli;SOC.I.GE.SS.-SOCIETA' INTERCOMUNALE DI GESTIONE SERVIZI SOCIO- SANITARI PER AZIONI IN BREVE: SOC. 75%;CONSORZIO INTERCOMUNALE PER I SERVIZI SOCIO-SANITARI IN SIGLA C.I.SS. 25%;
27065;40,774;14,6807;Imprese pubbliche locali;c;039 - Societa e fondazioni Partecipate;0392 - Societa e fondazioni a partecipazione sub-regionale;San Giorgio Servizi S.p.A. in House Providing;VIA DANTE ALIGHIERI;84083;CASTEL SAN GIORGIO;COMUNE DI CASTEL SAN GIORGIO 100%;;
27066;40,8413;14,2486;Imprese pubbliche locali;c;039 - Societa e fondazioni Partecipate;0392 - Societa e fondazioni a partecipazione sub-regionale;ANEA - Agenzia Napoletana per l'Energia e per l'Ambiente;Via Toledo, 317;80133;Napoli;COMUNE DI NAPOLI;ABC - ACQUA BENE COMUNE NAPOLI;UNIONE INDISTRIALE NAPOLI
27068;40,627;14,3766;Imprese pubbliche locali;c;039 - Societa e fondazioni Partecipate;0392 - Societa e fondazioni a partecipazione sub-regionale;PENISOLAZZURRA S.R.L. IN LIQUIDAZIONE;VIA CORREALE, 13;80067;Sorrento;COMUNE DI SORRENTO 51%;M.T. S.P.A. 35,1%;ARCHIVIA SOLUTION S.P.A. 13,9%
27800;40,8441;14,2554;Imprese pubbliche locali;c;039 - Societa e fondazioni Partecipate;0392 - Societa e fondazioni a partecipazione sub-regionale;BORSA IMMOBILIARE DI NAPOLI S.R.L. UNIPERSONALE;Via S. Aspreno, 2;80100;NAPOLI;CAMERA DI COMMERCIO DI NAPOLI 100%;;
27801;40,8441;14,2554;Imprese pubbliche locali;c;039 - Societa e fondazioni Partecipate;0392 - Societa e fondazioni a partecipazione sub-regionale;RECUPERO CREDITI S.R.L. - SOCIETA' UNIPERSONALE DELLA CCIAA DI NAPOLI;VIA S. ASPRENO, 2;80100;NAPOLI;CAMERA DI COMMERCIO DI NAPOLI 100%;;
27803;40,818;14,1749;Imprese pubbliche locali;c;041 - Enti non altrove classificati;0411 - Enti non altrove classificati di livello regionale;TEST - TECHNOLOGY, ENVIRONMENT, SAFETY, TRANSPORT - SOCIETA' CONS ORTILE A RESPONSABILITA' LIMITATA;VIA NUOVA AGNANO, 11;80125;NAPOLI;UNIVERSITA' DEGLI STUDI FEDERICO II 55%;UNIVERSITA' DEGLI STUDI DI SALERNO 20%;CONSIGLIO NAZIONALE DELLE RICERCHE 17%
27814;40,1733;15,5416;Imprese pubbliche locali;c;039 - Societa e fondazioni Partecipate;0392 - Societa e fondazioni a partecipazione sub-regionale;FUTUR CASELLE S.R.L.;VIA CAPORRA;84030;CASELLE IN PITTARI;COMUNE DI CASELLE IN PITTARI 51%;MICHELE CROCCIA 12%;LUCIO MARINO 14%
17101;40,2921;15,0617;Imprese pubbliche locali;c;021 - Consorzi e Forme associative;0211 - Forme associative di livello regionale;Consorzio VELIA per la bonifica del bacino Alento (SA);via Piano della Rocca;84060;Prignano Cilento;;;
17102;40,6544;14,8189;Imprese pubbliche locali;c;021 - Consorzi e Forme associative;0212 - Forme associative di livello sub-regionale;Consorzio Farmaceutico Intercomunale Salerno;Via S. Visco, 24/c;84131;SALERNO;CITTA' DI SCAFATI;COMUNE DI SALERNO;COMUNE DI EBOLI
17103;41,0575;14,3438;Imprese pubbliche locali;c;021 - Consorzi e Forme associative;0212 - Forme associative di livello sub-regionale;Consorzio Idrico Terra di Lavoro;Viale Lamberti;81100;CASERTA;PROVINCIA DI CASERTA 23,32;COMUNE DI MARCIANISE 11,56%;COMUNE DI MONDRAGONE 7,3%
17104;40,8281;14,3121;Imprese pubbliche locali;c;021 - Consorzi e Forme associative;0212 - Forme associative di livello sub-regionale;Consorzio Impianti Depurazione Napoli;Via Boccaperti, 24;80146;NAPOLI;IN LIQUIDAZIONE;;
17109;40,2306;15,2641;Imprese pubbliche locali;c;021 - Consorzi e Forme associative;0212 - Forme associative di livello sub-regionale;CONSORZIO PER LA COSTITUZIONE E LA GESTIONE DEGLI IMPIANTI DI SMALTIMENTO DEI RIFIUTI SOLIDI URBANI;Largo Calcinali, 3;84078;VALLO DELLA LUCANIA;IN LIQUIDAZIONE (17/11/2014);;
17110;40,8433;14,2522;Imprese pubbliche locali;c;021 - Consorzi e Forme associative;0212 - Forme associative di livello sub-regionale;Consorzio UNICO CAMPANIA;PIAZZA MATTEOTTI, 7;80133;NAPOLI;AIR SPA;COMPAGNIA TRASPORTI PUBBLICI SPA;AUTOLINEE CURCIO SRL
17111;40,2308;15,2716;Imprese pubbliche locali;c;021 - Consorzi e Forme associative;0212 - Forme associative di livello sub-regionale;CONSAC Gestioni Idriche S.p.A. (SA);VIA OTTAVIO VALIANTE, 30;84078;VALLO DELLA LUCANIA;COMUNE VALLO DELLA LUCANIA 7,5%;COMUNE DI SAPRI 5,97%;COMUNE DI CAMEROTA 5,65%
17125;40,7964;14,078;Imprese pubbliche locali;c;039 - Societa e fondazioni Partecipate;0392 - Societa e fondazioni a partecipazione sub-regionale;Flegrea Lavoro S.p.A.;VIA LUNGOLAGO, 4;80070;BACOLI;COMUNE DI BACOLI 100%;;
17126;40,7595;13,8701;Imprese pubbliche locali;c;039 - Societa e fondazioni Partecipate;0391 - Societa e fondazioni a partecipazione regionale;"Fondazione ""La colombaia di Luchino Visconti"" - Ischia (NA)";Via Francesco Calise, 130;80075;FORIO D'ISCHIA;;;
27830;40,749;14,5275;Imprese pubbliche locali;c;039 - Societa e fondazioni Partecipate;0392 - Societa e fondazioni a partecipazione sub-regionale;Scafati Sviluppo;Via P.Melchiade, 1;84018;SCAFATI;CITTA DI SCAFATI 100%;;
27966;40,9143;14,7949;Imprese pubbliche locali;c;039 - Societa e fondazioni Partecipate;0392 - Societa e fondazioni a partecipazione sub-regionale;IRPINIANET - SOCIETA' CONSORTILE A R.L.;PIAZZA DEL POPOLO;83100;Avellino;COMUNE DI MERCOGLIANO 12,29%;COMUNE DI CERVINARA 10,15%;COMUNE DI GROTTAMINARDA 8,32%
27967;41,1043;14,8237;Imprese pubbliche locali;c;039 - Societa e fondazioni Partecipate;0392 - Societa e fondazioni a partecipazione sub-regionale;CONSORZIO DI SPERIMENTAZIONE, DIVULGAZIONE E APPLICAZIONE DI BIOTECNICHE INNOVATIVE (CONSDABI);CONTRADA PIANO CAPPELLE, 123;82020;BENEVENTO;ASSOCIAZIONE ITALIANA ALLEVATORI;A.R.A.C. ASSOCIAZIONE REGIONALE ALLEVATORI CAMPANIA;
27972;40,672;14,7283;Imprese pubbliche locali;c;039 - Societa e fondazioni Partecipate;0392 - Societa e fondazioni a partecipazione sub-regionale;VIETRI SVILUPPO S.R.L.;CORSO UMBERTO I, 83;84019;VIETRI SUL MARE;COMUNE DI VIETRI SUL MARE 100%;;
27973;40,6343;14,6043;Imprese pubbliche locali;c;039 - Societa e fondazioni Partecipate;0392 - Societa e fondazioni a partecipazione sub-regionale;AMALFI MOBILITA'- SOCIETA' A RESPONSABILITA' LIMITATA;Piazza Municipio;84011;AMALFI;COMUNE DI AMALFI 100%;;
27980;40,9079;14,7986;Imprese pubbliche locali;c;039 - Societa e fondazioni Partecipate;0392 - Societa e fondazioni a partecipazione sub-regionale;A.IR. MOBILITY SOLUTIONS - SOCIETA' CONSORTILE A R.L.;Via dei Due Principati, 143;83100;AVELLINO;ITALDATA S.P.A. 50%;AUTOSERVIZI IRPINI S.P.A. IN SIGLA ABBREVIATA A.IR. S.P.A. 50%;
28178;40,748;14,6066;Imprese pubbliche locali;c;039 - Societa e fondazioni Partecipate;0392 - Societa e fondazioni a partecipazione sub-regionale;FARMACIA COMUNALE PAGANI S.R.L;via Alcide DE Gasperi, 262;84016;Pagani;COMUNE DI PAGANI 51%;AUGUSTA SANTILLO 49%;
28179;40,7805;14,767;Imprese pubbliche locali;c;039 - Societa e fondazioni Partecipate;0392 - Societa e fondazioni a partecipazione sub-regionale;Fisciano Farmacia Comunale srl;Via Giovanni Paolo II, 12;84084;Fisciano;COMUNE DI FISCIANO 51%;GIUSEPPINA RAGOSA 49%;
28200;40,6175;15,0546;Imprese pubbliche locali;c;039 - Societa e fondazioni Partecipate;0392 - Societa e fondazioni a partecipazione sub-regionale;EBOLI PATRIMONIO S.R.L.;VIA MATTEO RIPA;84025;Eboli;COMUNE DI EBOLI 100%;;
17127;41,3094;14,8792;Imprese pubbliche locali;c;039 - Societa e fondazioni Partecipate;0391 - Societa e fondazioni a partecipazione regionale;"Fondazione ""Lee Iacocca"" (BN)";Piazza Risorgimento;82100;SAN MARCO DEI CAVOTI;;;
17128;40,6527;14,8143;Imprese pubbliche locali;c;039 - Societa e fondazioni Partecipate;0391 - Societa e fondazioni a partecipazione regionale;"Fondazione ""Ravello Citta della Musica""";Viale Richard Wagner, 5;84010;SALERNO;;;
17130;40,8053;14,1735;Imprese pubbliche locali;c;039 - Societa e fondazioni Partecipate;0391 - Societa e fondazioni a partecipazione regionale;FONDAZIONE I.D.I.S. Citta della Scienza;VIA COROGLIO, 104;80124;NAPOLI;;;
17131;40,838;14,2501;Imprese pubbliche locali;c;039 - Societa e fondazioni Partecipate;0391 - Societa e fondazioni a partecipazione regionale;Fondazione Teatro San Carlo Napoli;Via San Carlo 98/F;80132;NAPOLI;;;
17133;41,1299;14,7816;Imprese pubbliche locali;c;039 - Societa e fondazioni Partecipate;0392 - Societa e fondazioni a partecipazione sub-regionale;GE.SE.SA. Gestione Servizi Sannio S.p.A.;CORSO GARIBALDI, 8;82100;BENEVENTO;CREA GESTIONI S.R.L. 57,93%;COMUNE DI BENEVENTO 38,62%;CONSORZIO ACQUE BACINI IDROLOGICI BENEVENTANI 2,68%
17134;41,0101;15,3586;Imprese pubbliche locali;c;039 - Societa e fondazioni Partecipate;0392 - Societa e fondazioni a partecipazione sub-regionale;GESCOM S.r.l. Gestioni Servizi Comunali - Bisaccia (AV);Via Rodari, 1;83044;BISACCIA;COMUNE DI BISACCIA 60%;TECNOSERVIZI SNC 20%;COMUNE DI CONTRADA 10%
17135;40,7694;14,751;Imprese pubbliche locali;c;039 - Societa e fondazioni Partecipate;0392 - Societa e fondazioni a partecipazione sub-regionale;GESEMA S.p.A. Gestione Servizi e Manutenzioni;Via GIARDINO, 50;84085;SAN SEVERINO;COMUNE MERCATO SAN SEVERINO 100%;;
17136;40,8112;14,354;Imprese pubbliche locali;c;039 - Societa e fondazioni Partecipate;0392 - Societa e fondazioni a partecipazione sub-regionale;GORI S.p.A. Torre Annunziata (NA);VIA Trentola, 211;80056;ercolano;ENTE DI AMBITO SARNESE VESUVIANO 51%;SARNESE VESUVIANO SRL 37,05%;AZIENDA SPECIALE ASM 11,93%
17138;40,9108;14,7935;Imprese pubbliche locali;c;022 - Aziende e istituzioni;0221 - Aziende e istituzioni di livello regionale;IACP Avellino;Via Due Principati, 156;83100;AVELLINO;REGIONE CAMPANIA 100%;;
17139;41,1241;14,7717;Imprese pubbliche locali;c;022 - Aziende e istituzioni;0221 - Aziende e istituzioni di livello regionale;IACP Benevento;Via Teodoro Mommsen, 6;82100;BENEVENTO;REGIONE CAMPANIA 100%;;
28201;40,6494;14,8318;Imprese pubbliche locali;c;039 - Societa e fondazioni Partecipate;0392 - Societa e fondazioni a partecipazione sub-regionale;ECOAMBIENTE SALERNO S.P.A.;VIA san leonardo;84121;salerno;PROVINCIA DI SALERNO 100%;;
28439;40,9014;14,5868;Imprese pubbliche locali;c;039 - Societa e fondazioni Partecipate;0392 - Societa e fondazioni a partecipazione sub-regionale;abbondanza multiservizi s.r.l.;VIALE DEGLI ARANCI;83020;MARZANO DI NOLA;COMUNE DI MARZANO DI NOLA 100%;;
28451;40,7371;13,8562;Imprese pubbliche locali;c;039 - Societa e fondazioni Partecipate;0392 - Societa e fondazioni a partecipazione sub-regionale;MARINA DEL RAGGIO VERDE SRL;PIAZZA MUNICIPIO, 9;80075;FORIO;COMUNE DI FORIO 51%;MARINA DI FORIO S.R.L. 48,99%;
28453;40,8299;14,8475;Imprese pubbliche locali;c;039 - Societa e fondazioni Partecipate;0392 - Societa e fondazioni a partecipazione sub-regionale;Solofra servizi S.p.A.;VIA aldo moro, 10;83029;SOLOFRA;CONSORZIO PER L'AREA DI SVILUPPO INDUSTRIALE DELLA PROVINCIA DI AVELLINO CON SIGLA ABBREVIATA ASI - AVELLINO 98%;COMUNE DI SOLOFRA 2%;
28461;40,8624;14,2223;Imprese pubbliche locali;c;039 - Societa e fondazioni Partecipate;0391 - Societa e fondazioni a partecipazione regionale;FONDAZIONE PASCALE;Via Mariano Semmola, 52;80131;NAPOLI;;;
28463;40,6779;14,7509;Imprese pubbliche locali;c;039 - Societa e fondazioni Partecipate;0392 - Societa e fondazioni a partecipazione sub-regionale;Cetara Servizi e Sviluppo unipersonale  s.r.l.;Via Porto, 4;84010;Cetara;COMUNE DI CETARA 100%;;
28464;40,5952;14,9827;Imprese pubbliche locali;c;039 - Societa e fondazioni Partecipate;0392 - Societa e fondazioni a partecipazione sub-regionale;Alba s.r.l.;Via Rosa Jemma, 118;84091;Battipaglia;COMUNE DI BATTIPAGLIA 100%;;
28465;40,9201;14,7366;Imprese pubbliche locali;c;039 - Societa e fondazioni Partecipate;0392 - Societa e fondazioni a partecipazione sub-regionale;MERCOGLIANO SERVIZI SRL;Piazza Municipio, 1;83013;MERCOGLIANO;COMUNE DI MERCOGLIANO 100%;;
28470;41,129;14,7828;Imprese pubbliche locali;c;039 - Societa e fondazioni Partecipate;0392 - Societa e fondazioni a partecipazione sub-regionale;ASEA S.p.A. ( dal 2012 );Piazza Castello;82100;BENEVENTO;PROVINCIA DI BENEVENTO 100%;;
28498;40,495;15,2316;Imprese pubbliche locali;c;039 - Societa e fondazioni Partecipate;0392 - Societa e fondazioni a partecipazione sub-regionale;GROTTE DI CASTELCIVITA srl;Piazza Umberto I, 4;84020;Castelcivita;COMUNE DI CASTELCIVITA 51%;CASTELTOUR S.N.C. DI IORIO FELICE & C. 49%;
28649;40,8465;14,2648;Imprese pubbliche locali;c;039 - Societa e fondazioni Partecipate;0391 - Societa e fondazioni a partecipazione regionale;CAMPANIA REGIONALE MARITTIMA S.P.A.CAREMAR;VIA CONTE DI CASTELMOLA, 14;80133;NAPOLI;RIFIM SPA 50%;SNAV SPA 50%;
28650;40,946;14,2944;Imprese pubbliche locali;c;021 - Consorzi e Forme associative;0212 - Forme associative di livello sub-regionale;Consorzio Cimitero Cardito Crispano;Piazza Garibaldi;80020;Cardito;COMUNE DI CARDITO;COMUNE DI CRISPANO;
28651;40,9094;14,2065;Imprese pubbliche locali;c;021 - Consorzi e Forme associative;0212 - Forme associative di livello sub-regionale;CONSORZIO CIMITERIALE TRA I COMUNI DI MUGNANO DI NAPOLI E CALVIZZANO;Piazza Municipio, 1;80018;Mugnano;COMUNE DI MUGNANO DI NAPOLI 73,5%;COMUNE DI CALVIZZANO 26,5%;
28652;40,92;14,8354;Imprese pubbliche locali;c;021 - Consorzi e Forme associative;0212 - Forme associative di livello sub-regionale;Consorzio dei Servizi Sociali Ambito A6;VIA BELLI, 4;83042;Atripalda;;;
28653;40,6768;14,7629;Imprese pubbliche locali;c;039 - Societa e fondazioni Partecipate;0392 - Societa e fondazioni a partecipazione sub-regionale;Fondazione Scuola Medica Salernitana;Via ROMA, 1;84100;SALERNO;COMUNE DI SALERNO 100%;;
28655;40,7964;14,078;Imprese pubbliche locali;c;039 - Societa e fondazioni Partecipate;0392 - Societa e fondazioni a partecipazione sub-regionale;Centro Ittico Campano Spa;VIA LUNGOLAGO, 4;80070;Bacoli;COMUNE DI BACOLI 99,99%;;
28656;40,8322;14,2491;Imprese pubbliche locali;c;039 - Societa e fondazioni Partecipate;0391 - Societa e fondazioni a partecipazione regionale;SVILUPPO CAMPANIA S.P.A.;VIA SANTA LUCIA, 81;80132;NAPOLI;REGIONE CAMPANIA 100%;;
28657;40,8441;14,2554;Imprese pubbliche locali;c;021 - Consorzi e Forme associative;0212 - Forme associative di livello sub-regionale;Consorzio Technapoli;VIA S.ASPRENO, 2;80133;NAPOLI;CC.I.AA. NAPOLI;UNIVERSITA' DEGLI STUDI FEDERICO II;"UNIVERSITA' DEGLI STUDI ""L'ORIENTALE"""
28659;40,818;14,1749;Imprese pubbliche locali;c;039 - Societa e fondazioni Partecipate;0392 - Societa e fondazioni a partecipazione sub-regionale;CRDC NUOVE TECNOLOGIE PER LE ATTIVITA' PRODUTTIVE - SOCIETA' CONSORTILE A RESPONSABILITA' LIMITATA;VIA NUOVA AGNANO, 11;80125;NAPOLI;UNIVERSITA' DEGLI STUDI DI NAPOLI FEDERICO II 34,04%;CONSIGLIO NAZIONALE DELLE RICERCHE   C.N.R. 25,53%;II UNIVERSITA' DEGLI STUDI DI NAPOLI 15,96%
28660;40,818;14,1749;Imprese pubbliche locali;c;041 - Enti non altrove classificati;0411 - Enti non altrove classificati di livello regionale;AMRA - ANALISI E MONITORAGGIO DEL RISCHIO AMBIENTALE - SOCIETA' C NSORTILE A RESPONSABILITA' LIMITAT;VIA NUOVA AGNANO, 11;80125;NAPOLI;UNIVERSITA' DEGLI STUDI FEDERICO II 54%;C.N.R. 15%;II UNIVERSITA' DEGLI STUDI DI NAPOLI 10,5%
28661;40,678;14,7594;Imprese pubbliche locali;c;039 - Societa e fondazioni Partecipate;0392 - Societa e fondazioni a partecipazione sub-regionale;FONDAZIONE CULTURA, RICERCA, INNOVAZIONE E SVILUPPO DELLA PROVINCIA DI SALERNO;VIA ROMA, 104;84121;SALERNO;PROVINCIA DI SALERNO 100%;;
17140;41,0818;14,343;Imprese pubbliche locali;c;022 - Aziende e istituzioni;0221 - Aziende e istituzioni di livello regionale;IACP Caserta;VIA E RUGGIERO, 45;81100;CASERTA;REGIONE CAMPANIA 100%;;
17141;40,8326;14,2435;Imprese pubbliche locali;c;022 - Aziende e istituzioni;0221 - Aziende e istituzioni di livello regionale;IACP Napoli;Via Domenico Morelli, 75;80121;NAPOLI;REGIONE CAMPANIA 100%;;
28663;40,9684;14,268;Imprese pubbliche locali;c;039 - Societa e fondazioni Partecipate;0392 - Societa e fondazioni a partecipazione sub-regionale;ACQUEDOTTI S.C.P.A.;VIA GARIBALDI, 77;81030;ORTA DI ATELLA;OTTO GAS-S.R.L. 49%;COMUNE DI ORTA DI ATELLA 37,75%;COMUNE DI ACERRA 4,0%
17142;40,6812;14,7719;Imprese pubbliche locali;c;022 - Aziende e istituzioni;0221 - Aziende e istituzioni di livello regionale;IACP Salerno;VIA A. ALI, 1;84124;SALERNO;REGIONE CAMPANIA 100%;;
28664;40,9148;14,7923;Imprese pubbliche locali;c;039 - Societa e fondazioni Partecipate;0392 - Societa e fondazioni a partecipazione sub-regionale;IRPINIAMBIENTE S.P.A.;PIAZZA LIBERTA, 1;83100;AVELLINO;PROVINCIA DI AVELLINO 100%;;
17146;40,8243;14,1885;Imprese pubbliche locali;c;039 - Societa e fondazioni Partecipate;0391 - Societa e fondazioni a partecipazione regionale;Mostra d'Oltremare S.p.A.;via john fitzgerald kennedy, 54;80125;NAPOLI;COMUNE DI NAPOLI 66,31%;REGIONE CAMPANIA 20,68%;CAMERA DI COMMERCIO DI NAPOLI 8,6%
28665;40,9143;14,7945;Imprese pubbliche locali;c;039 - Societa e fondazioni Partecipate;0392 - Societa e fondazioni a partecipazione sub-regionale;A.C.S. - AZIENDA CITTA' SERVIZI S.R.L. UNIPERSONALE;PIAZZA DEL POPOLO;83100;AVELLINO;ISTITUZIONE TEATRO COMUNALE CARLO GESUALDO 100%;;
17151;40,9221;14,1596;Imprese pubbliche locali;c;039 - Societa e fondazioni Partecipate;0392 - Societa e fondazioni a partecipazione sub-regionale;Qualiano Multiservizi S.p.A.;VIA Macello, 21;80019;QUALIANO;COMUNE DI QUALIANO 100%;;
28666;41,1559;15,0977;Imprese pubbliche locali;c;021 - Consorzi e Forme associative;0212 - Forme associative di livello sub-regionale;AZIENDA CONSORTILE PER LA GESTIONE DELLE POLITICHE SOCIALI NEI COMUNI DELLaAMBITO TERRITORIALE N.A1;Via Fontananuova;83031;ARIANO IRPINO;;;
17157;40,6733;14,784;Imprese pubbliche locali;c;039 - Societa e fondazioni Partecipate;0392 - Societa e fondazioni a partecipazione sub-regionale;Salerno Energia S.p.A.;VIA STEFANO PASSARO, 1;84134;SALERNO;COMUNE DI SALERNO 100%;;
28668;40,7936;14,0602;Imprese pubbliche locali;c;021 - Consorzi e Forme associative;0212 - Forme associative di livello sub-regionale;ENTE PARCO REGIONALE DEI CAMPI FLEGREI;Via Panoramica;80070;Monte di Procida;REGIONE CAMPANIA 100%;;
17158;40,679;14,764;Imprese pubbliche locali;c;039 - Societa e fondazioni Partecipate;0392 - Societa e fondazioni a partecipazione sub-regionale;Salerno Mobilita S.p.A.;Piazza Principe Amedeo, 6;84122;SALERNO;COMUNE DI SALERNO 100%;;
28669;40,8488;14,2266;Imprese pubbliche locali;c;021 - Consorzi e Forme associative;0212 - Forme associative di livello sub-regionale;ENTE PARCO METROPOLITANO DELLE COLLINE DI NAPOLI;Via Arenella, 104;80131;NAPOLI;REGIONE CAMPANIA 100%;;
17159;40,64;14,8492;Imprese pubbliche locali;c;039 - Societa e fondazioni Partecipate;0392 - Societa e fondazioni a partecipazione sub-regionale;SALERNO PULITA S.p.A.;VIA TIBERO CLAUDIO FELICE, 18 BIS;84131;SALERNO;COMUNE DI SALERNO 98,83%;COMUNE DI BARONISSI 1,17%;
28670;40,8888;15,0845;Imprese pubbliche locali;c;021 - Consorzi e Forme associative;0212 - Forme associative di livello sub-regionale;PARCO REGIONALE DEI MONTI PICENTINI;via DELLE STIGMATINE, 11;83051;Nusco;REGIONE CAMPANIA 100%;;
17160;40,6928;14,8493;Imprese pubbliche locali;c;039 - Societa e fondazioni Partecipate;0392 - Societa e fondazioni a partecipazione sub-regionale;Salerno Sistemi S.p.A.;via Monticelli;84134;SALERNO;SALERNO ENERGIA HOLDING S.P.A. 100%;;
17161;40,6699;14,7983;Imprese pubbliche locali;c;039 - Societa e fondazioni Partecipate;0392 - Societa e fondazioni a partecipazione sub-regionale;SALERNO SOLIDALE S.p.A.;Via Vestuti;84133;SALERNO;COMUNE DI SALERNO 100%;;
